sharpe_total,sharpe_invested,pct_time_in_market,max_dd_strategy,total_return_pct,total_return_50_50,sharpe_50_50,max_dd_50_50,pair,entry,exit,window,floor,adf_statistic,p_value
0.5661886460915936,0.8324972767790896,45.29195160441873,-1.680018601150464,3.153284626923546,28.722102541243146,0.2658194477922195,-0.4834093965197346,EEM/VWO,2.0,0.05,40,0.0,-1.5728864606492732,0.4971976172335662
0.5786863272175837,2.2191593001439918,6.680694371383482,0.0,0.7437819095591052,28.722102541243146,0.2658194477922195,-0.4834093965197346,EEM/VWO,2.0,0.05,40,0.5,-1.5728864606492732,0.4971976172335662
0.7929859002532246,1.2702235000191888,38.0326144134666,-1.2526447041613658,4.007259596186756,28.722102541243146,0.2658194477922195,-0.4834093965197346,EEM/VWO,2.0,0.05,50,0.0,-1.5728864606492732,0.4971976172335662
0.06901208490585216,0.2371094252831641,8.153603366649131,-0.17241343660694453,0.05671162835215005,28.722102541243146,0.2658194477922195,-0.4834093965197346,EEM/VWO,2.0,0.05,50,0.5,-1.5728864606492732,0.4971976172335662
0.8101645837595298,1.1788511898715461,45.817990531299316,-0.8717025345220248,3.5420847541270373,28.722102541243146,0.2658194477922195,-0.4834093965197346,EEM/VWO,2.0,0.05,60,0.0,-1.5728864606492732,0.4971976172335662
-0.0837194036512535,-0.22206066285325593,13.729615991583376,-0.4173233481097016,-0.12932766411763016,28.722102541243146,0.2658194477922195,-0.4834093965197346,EEM/VWO,2.0,0.05,60,0.5,-1.5728864606492732,0.4971976172335662
0.1954774664045366,0.3191678246403672,36.664913203577065,-1.1384113364337938,0.7261082218567629,28.722102541243146,0.2658194477922195,-0.4834093965197346,EEM/VWO,2.0,0.25,40,0.0,-1.5728864606492732,0.4971976172335662
0.551344698501287,2.405611878569,5.155181483429773,0.0,0.6378942108585287,28.722102541243146,0.2658194477922195,-0.4834093965197346,EEM/VWO,2.0,0.25,40,0.5,-1.5728864606492732,0.4971976172335662
0.5025381417869323,0.9260487367736646,28.669121514992106,-0.8623400329926191,1.870098010993947,28.722102541243146,0.2658194477922195,-0.4834093965197346,EEM/VWO,2.0,0.25,50,0.0,-1.5728864606492732,0.4971976172335662
0.7324278890438572,3.456409116396795,4.471330878485008,0.0,1.0465247594885618,28.722102541243146,0.2658194477922195,-0.4834093965197346,EEM/VWO,2.0,0.25,50,0.5,-1.5728864606492732,0.4971976172335662
0.37358094630610694,0.6185132869027401,35.29721199368753,-0.903280460127535,1.5071699002427699,28.722102541243146,0.2658194477922195,-0.4834093965197346,EEM/VWO,2.0,0.25,60,0.0,-1.5728864606492732,0.4971976172335662
0.42429739183228143,1.2174792098369707,11.730668069437138,-0.27691667625969807,0.704727588729769,28.722102541243146,0.2658194477922195,-0.4834093965197346,EEM/VWO,2.0,0.25,60,0.5,-1.5728864606492732,0.4971976172335662
0.6738473272898202,1.2948361645672795,26.564965807469754,-0.5530272318004457,3.2913486342549807,28.722102541243146,0.2658194477922195,-0.4834093965197346,EEM/VWO,2.5,0.05,40,0.0,-1.5728864606492732,0.4971976172335662
0.5048582380101008,2.030018108229482,6.049447659126775,0.0,0.6768329530518246,28.722102541243146,0.2658194477922195,-0.4834093965197346,EEM/VWO,2.5,0.05,40,0.5,-1.5728864606492732,0.4971976172335662
0.8737903234244108,2.072495026545517,17.46449237243556,-0.37594858727313163,4.120605595710522,28.722102541243146,0.2658194477922195,-0.4834093965197346,EEM/VWO,2.5,0.05,50,0.0,-1.5728864606492732,0.4971976172335662
0.30327563949185204,1.2966807414815664,5.260389268805891,-0.17241343660694453,0.3586808458359404,28.722102541243146,0.2658194477922195,-0.4834093965197346,EEM/VWO,2.5,0.05,50,0.5,-1.5728864606492732,0.4971976172335662
0.8703278641371011,1.8259249524908285,22.146238821672803,-0.49955453914139536,2.754221463687714,28.722102541243146,0.2658194477922195,-0.4834093965197346,EEM/VWO,2.5,0.05,60,0.0,-1.5728864606492732,0.4971976172335662
-0.4915026478750416,-1.5580494218872305,9.67911625460284,-0.27691667625969807,-0.27476079187643604,28.722102541243146,0.2658194477922195,-0.4834093965197346,EEM/VWO,2.5,0.05,60,0.5,-1.5728864606492732,0.4971976172335662
0.598317668863617,1.3967812634283256,17.99053129931615,-0.5091414043051046,1.5088031147980794,28.722102541243146,0.2658194477922195,-0.4834093965197346,EEM/VWO,2.5,0.25,40,0.0,-1.5728864606492732,0.4971976172335662
0.4770368957154955,2.2025563007626103,4.576538663861126,0.0,0.5730377262713328,28.722102541243146,0.2658194477922195,-0.4834093965197346,EEM/VWO,2.5,0.25,40,0.5,-1.5728864606492732,0.4971976172335662
0.425220519075549,1.0713961085719177,15.307732772225144,-0.8447548878302036,1.4396295466623548,28.722102541243146,0.2658194477922195,-0.4834093965197346,EEM/VWO,2.5,0.25,50,0.0,-1.5728864606492732,0.4971976172335662
0.5411038701377134,2.7466443642775027,3.787480273540242,0.0,0.6582293781531977,28.722102541243146,0.2658194477922195,-0.4834093965197346,EEM/VWO,2.5,0.25,50,0.5,-1.5728864606492732,0.4971976172335662
0.7212149623424674,1.553903496350291,20.93634928984745,-0.49955453914139536,1.9673857970012374,28.722102541243146,0.2658194477922195,-0.4834093965197346,EEM/VWO,2.5,0.25,60,0.0,-1.5728864606492732,0.4971976172335662
0.010280739043761589,0.033750669668414945,8.890057864281957,-0.27691667625969807,0.010015473970664815,28.722102541243146,0.2658194477922195,-0.4834093965197346,EEM/VWO,2.5,0.25,60,0.5,-1.5728864606492732,0.4971976172335662
0.20067858610500108,0.5480990514183842,13.04576538663861,-0.8940767832957204,0.5441780581363237,28.722102541243146,0.2658194477922195,-0.4834093965197346,EEM/VWO,3.0,0.05,40,0.0,-1.5728864606492732,0.4971976172335662
0.5048582380101008,2.030018108229482,6.049447659126775,0.0,0.6768329530518246,28.722102541243146,0.2658194477922195,-0.4834093965197346,EEM/VWO,3.0,0.05,40,0.5,-1.5728864606492732,0.4971976172335662
0.44800019874859204,1.668272270928115,6.996317727511836,-0.08876468866190912,1.4574563452472065,28.722102541243146,0.2658194477922195,-0.4834093965197346,EEM/VWO,3.0,0.05,50,0.0,-1.5728864606492732,0.4971976172335662
0.49201818072639636,2.4912031748822336,3.787480273540242,0.0,0.5331678101184976,28.722102541243146,0.2658194477922195,-0.4834093965197346,EEM/VWO,3.0,0.05,50,0.5,-1.5728864606492732,0.4971976172335662
0.5516908007581643,1.6381786533316274,10.994213571804314,-0.10792451527918834,1.7969809672319565,28.722102541243146,0.2658194477922195,-0.4834093965197346,EEM/VWO,3.0,0.05,60,0.0,-1.5728864606492732,0.4971976172335662
-0.36987540819791814,-1.2709778186044853,8.20620725933719,-0.08794403391129946,-0.08725936164139027,28.722102541243146,0.2658194477922195,-0.4834093965197346,EEM/VWO,3.0,0.05,60,0.5,-1.5728864606492732,0.4971976172335662
0.859846550647338,2.8296162380534966,9.205681220410309,-0.1469490315594092,1.529420550084204,28.722102541243146,0.2658194477922195,-0.4834093965197346,EEM/VWO,3.0,0.25,40,0.0,-1.5728864606492732,0.4971976172335662
0.4770368957154955,2.2025563007626103,4.576538663861126,0.0,0.5730377262713328,28.722102541243146,0.2658194477922195,-0.4834093965197346,EEM/VWO,3.0,0.25,40,0.5,-1.5728864606492732,0.4971976172335662
-0.06471365678022017,-0.24819008835300618,6.522882693319305,-0.931533447591606,-0.14628009046272625,28.722102541243146,0.2658194477922195,-0.4834093965197346,EEM/VWO,3.0,0.25,50,0.0,-1.5728864606492732,0.4971976172335662
0.5160924383196195,2.7534855273645698,3.41925302472383,0.0,0.6262405727640361,28.722102541243146,0.2658194477922195,-0.4834093965197346,EEM/VWO,3.0,0.25,50,0.5,-1.5728864606492732,0.4971976172335662
0.6883582514425787,2.2347947255436806,9.258285113098369,-0.10792451527918845,0.859547506478408,28.722102541243146,0.2658194477922195,-0.4834093965197346,EEM/VWO,3.0,0.25,60,0.0,-1.5728864606492732,0.4971976172335662
0.24513951689080318,0.8812891460092361,7.417148869016307,-0.08794403391129946,0.20203448837489926,28.722102541243146,0.2658194477922195,-0.4834093965197346,EEM/VWO,3.0,0.25,60,0.5,-1.5728864606492732,0.4971976172335662
-0.18648906710673652,-0.28496934851888583,41.8726985796949,-7.961630144685463,-5.420460554492082,122.5968881239749,0.6360953370483641,-0.5108671325599226,XLF/XLU,2.0,0.05,40,0.0,-2.8204224282044277,0.05541526530891369
-0.06198417314692329,-0.10133885997631724,36.55970541820095,-7.961630144685463,-1.7866934166655153,122.5968881239749,0.6360953370483641,-0.5108671325599226,XLF/XLU,2.0,0.05,40,0.5,-2.8204224282044277,0.05541526530891369
-0.16263822752941814,-0.22342135687074638,51.55181483429774,-13.099829158300892,-5.413229546903471,122.5968881239749,0.6360953370483641,-0.5108671325599226,XLF/XLU,2.0,0.05,50,0.0,-2.8204224282044277,0.05541526530891369
-0.4279312814182297,-0.6184105406412229,46.6070489216202,-14.306337142125637,-12.412722892859792,122.5968881239749,0.6360953370483641,-0.5108671325599226,XLF/XLU,2.0,0.05,50,0.5,-2.8204224282044277,0.05541526530891369
-0.4787263524928364,-0.6801079532190257,47.97475013150973,-17.18898249794961,-17.02924477009437,122.5968881239749,0.6360953370483641,-0.5108671325599226,XLF/XLU,2.0,0.05,60,0.0,-2.8204224282044277,0.05541526530891369
-0.6975371886931409,-1.024054640707524,44.97632824829038,-22.519235568378832,-23.20489634877809,122.5968881239749,0.6360953370483641,-0.5108671325599226,XLF/XLU,2.0,0.05,60,0.5,-2.8204224282044277,0.05541526530891369
-0.026625424968934157,-0.04776001607205356,30.352446081009994,-8.526355726998757,-0.7078019429417504,122.5968881239749,0.6360953370483641,-0.5108671325599226,XLF/XLU,2.0,0.25,40,0.0,-2.8204224282044277,0.05541526530891369
-0.11465113058077536,-0.2137616485280919,28.09047869542346,-8.431548415728981,-2.817569961633431,122.5968881239749,0.6360953370483641,-0.5108671325599226,XLF/XLU,2.0,0.25,40,0.5,-2.8204224282044277,0.05541526530891369
0.2765741100135069,0.4587060135137335,35.34981588637559,-9.536085034130785,9.36841301720274,122.5968881239749,0.6360953370483641,-0.5108671325599226,XLF/XLU,2.0,0.25,50,0.0,-2.8204224282044277,0.05541526530891369
0.0028684550209009015,0.005083457543249823,30.93108890057864,-9.817836073444438,0.0881273989256629,122.5968881239749,0.6360953370483641,-0.5108671325599226,XLF/XLU,2.0,0.25,50,0.5,-2.8204224282044277,0.05541526530891369
-0.17698120669399525,-0.283971998352157,37.55917937927406,-11.877998015033834,-5.928096394066822,122.5968881239749,0.6360953370483641,-0.5108671325599226,XLF/XLU,2.0,0.25,60,0.0,-2.8204224282044277,0.05541526530891369
-0.32887805322709496,-0.5404374980579401,35.82325092056812,-15.97409164385996,-10.673846126970103,122.5968881239749,0.6360953370483641,-0.5108671325599226,XLF/XLU,2.0,0.25,60,0.5,-2.8204224282044277,0.05541526530891369
-0.3151696286373409,-0.7246518935085918,18.46396633350868,-7.838707037755427,-6.428828093062841,122.5968881239749,0.6360953370483641,-0.5108671325599226,XLF/XLU,2.5,0.05,40,0.0,-2.8204224282044277,0.05541526530891369
-0.3151696286373409,-0.7246518935085918,18.46396633350868,-7.838707037755427,-6.428828093062841,122.5968881239749,0.6360953370483641,-0.5108671325599226,XLF/XLU,2.5,0.05,40,0.5,-2.8204224282044277,0.05541526530891369
0.24019179841269409,0.44924336172849183,27.774855339295108,-7.379395651321853,6.40763410261706,122.5968881239749,0.6360953370483641,-0.5108671325599226,XLF/XLU,2.5,0.05,50,0.0,-2.8204224282044277,0.05541526530891369
-0.011132624883130082,-0.02201129116698359,24.82903734876381,-7.379395651321853,-0.23638923681999086,122.5968881239749,0.6360953370483641,-0.5108671325599226,XLF/XLU,2.5,0.05,50,0.5,-2.8204224282044277,0.05541526530891369
-0.1732117141545797,-0.31596916382397466,29.037348763808524,-9.737652730595673,-4.62006436983068,122.5968881239749,0.6360953370483641,-0.5108671325599226,XLF/XLU,2.5,0.05,60,0.0,-2.8204224282044277,0.05541526530891369
-0.3011016919578824,-0.5479343106886947,29.195160441872698,-12.797876318391635,-8.16565111428434,122.5968881239749,0.6360953370483641,-0.5108671325599226,XLF/XLU,2.5,0.05,60,0.5,-2.8204224282044277,0.05541526530891369
-0.22162309509034822,-0.5879656154115934,13.834823776959496,-7.601083003100994,-3.7105105775302785,122.5968881239749,0.6360953370483641,-0.5108671325599226,XLF/XLU,2.5,0.25,40,0.0,-2.8204224282044277,0.05541526530891369
-0.22162309509034822,-0.5879656154115934,13.834823776959496,-7.601083003100994,-3.7105105775302785,122.5968881239749,0.6360953370483641,-0.5108671325599226,XLF/XLU,2.5,0.25,40,0.5,-2.8204224282044277,0.05541526530891369
0.2010459247147808,0.44292934707536885,19.98947922146239,-6.796558154759878,5.0584655042444595,122.5968881239749,0.6360953370483641,-0.5108671325599226,XLF/XLU,2.5,0.25,50,0.0,-2.8204224282044277,0.05541526530891369
-0.03691060409128929,-0.08681003163771003,17.51709626512362,-6.796558154759878,-0.7583293257076944,122.5968881239749,0.6360953370483641,-0.5108671325599226,XLF/XLU,2.5,0.25,50,0.5,-2.8204224282044277,0.05541526530891369
-0.07168210875081248,-0.14427141690582834,23.82956338769069,-6.943360193567216,-1.618663295623055,122.5968881239749,0.6360953370483641,-0.5108671325599226,XLF/XLU,2.5,0.25,60,0.0,-2.8204224282044277,0.05541526530891369
-0.22347888630150028,-0.4484313701606689,23.987375065754865,-10.003583781363176,-5.164250040076715,122.5968881239749,0.6360953370483641,-0.5108671325599226,XLF/XLU,2.5,0.25,60,0.5,-2.8204224282044277,0.05541526530891369
0.002912835226202759,0.008363035733334785,11.783271962125196,-3.3159602538284214,0.06042301174727552,122.5968881239749,0.6360953370483641,-0.5108671325599226,XLF/XLU,3.0,0.05,40,0.0,-2.8204224282044277,0.05541526530891369
0.002912835226202759,0.008363035733334785,11.783271962125196,-3.3159602538284214,0.06042301174727552,122.5968881239749,0.6360953370483641,-0.5108671325599226,XLF/XLU,3.0,0.05,40,0.5,-2.8204224282044277,0.05541526530891369
0.32440119800326406,0.8493073126482844,14.150447133087848,-3.1397855495927978,8.060183746770472,122.5968881239749,0.6360953370483641,-0.5108671325599226,XLF/XLU,3.0,0.05,50,0.0,-2.8204224282044277,0.05541526530891369
0.11085004486325051,0.30489955048939965,12.782745923198316,-3.1397855495927978,2.09002698232859,122.5968881239749,0.6360953370483641,-0.5108671325599226,XLF/XLU,3.0,0.05,50,0.5,-2.8204224282044277,0.05541526530891369
-0.10671807194376301,-0.22966432023376934,20.831141504471333,-7.921551916518785,-1.6752568707558801,122.5968881239749,0.6360953370483641,-0.5108671325599226,XLF/XLU,3.0,0.05,60,0.0,-2.8204224282044277,0.05541526530891369
-0.10671807194376301,-0.22966432023376934,20.831141504471333,-7.921551916518785,-1.6752568707558801,122.5968881239749,0.6360953370483641,-0.5108671325599226,XLF/XLU,3.0,0.05,60,0.5,-2.8204224282044277,0.05541526530891369
-0.4036362852888148,-1.235245349604031,10.415570752235666,-3.47335142566759,-5.393018037784872,122.5968881239749,0.6360953370483641,-0.5108671325599226,XLF/XLU,3.0,0.25,40,0.0,-2.8204224282044277,0.05541526530891369
-0.4036362852888148,-1.235245349604031,10.415570752235666,-3.47335142566759,-5.393018037784872,122.5968881239749,0.6360953370483641,-0.5108671325599226,XLF/XLU,3.0,0.25,40,0.5,-2.8204224282044277,0.05541526530891369
0.4947945369647113,1.3911052648920619,12.309310889005786,-3.1397855495927973,11.539846042488099,122.5968881239749,0.6360953370483641,-0.5108671325599226,XLF/XLU,3.0,0.25,50,0.0,-2.8204224282044277,0.05541526530891369
0.3404214153759324,1.0058525091031278,11.09942135718043,-3.1397855495927973,6.297850622491401,122.5968881239749,0.6360953370483641,-0.5108671325599226,XLF/XLU,3.0,0.25,50,0.5,-2.8204224282044277,0.05541526530891369
0.22765909138147275,0.5500709665571861,16.5176223040505,-4.1676970559699695,3.07488160264883,122.5968881239749,0.6360953370483641,-0.5108671325599226,XLF/XLU,3.0,0.25,60,0.0,-2.8204224282044277,0.05541526530891369
0.22765909138147275,0.5500709665571861,16.5176223040505,-4.1676970559699695,3.07488160264883,122.5968881239749,0.6360953370483641,-0.5108671325599226,XLF/XLU,3.0,0.25,60,0.5,-2.8204224282044277,0.05541526530891369
-0.47481914629435185,-0.6959815859898824,45.60757496054708,-104.03609198856788,-16.041269210162692,151.84438570214337,0.644274015257205,-0.6719407729638103,IWM/QQQ,2.0,0.05,40,0.0,-2.65411030391645,0.08232132995802843
-0.4987993924748437,-0.737152013094838,44.871120462914256,-104.61122237410746,-16.875013200365895,151.84438570214337,0.644274015257205,-0.6719407729638103,IWM/QQQ,2.0,0.05,40,0.5,-2.65411030391645,0.08232132995802843
0.09502385211219036,0.14408297742883863,42.346133613887424,-57.71126517523325,3.225275315149591,151.84438570214337,0.644274015257205,-0.6719407729638103,IWM/QQQ,2.0,0.05,50,0.0,-2.65411030391645,0.08232132995802843
0.0982501646359278,0.1490677279717363,42.29352972119937,-57.711265175233265,3.332846455272957,151.84438570214337,0.644274015257205,-0.6719407729638103,IWM/QQQ,2.0,0.05,50,0.5,-2.65411030391645,0.08232132995802843
-0.0029597817897818236,-0.00460002077616205,40.084166228300894,-56.27463321575672,-0.1149224329208409,151.84438570214337,0.644274015257205,-0.6719407729638103,IWM/QQQ,2.0,0.05,60,0.0,-2.65411030391645,0.08232132995802843
-0.0029597817897818236,-0.00460002077616205,40.084166228300894,-56.27463321575672,-0.1149224329208409,151.84438570214337,0.644274015257205,-0.6719407729638103,IWM/QQQ,2.0,0.05,60,0.5,-2.65411030391645,0.08232132995802843
-0.17907445782003092,-0.31428195324342206,31.720147290899526,-58.595592167119115,-5.512009097921798,151.84438570214337,0.644274015257205,-0.6719407729638103,IWM/QQQ,2.0,0.25,40,0.0,-2.65411030391645,0.08232132995802843
-0.19449828698698363,-0.34192534233223426,31.61493950552341,-58.595592167119115,-5.981543564485931,151.84438570214337,0.644274015257205,-0.6719407729638103,IWM/QQQ,2.0,0.25,40,0.5,-2.65411030391645,0.08232132995802843
0.09135660864572157,0.1608205962547934,31.351920042083115,-37.747047455195116,2.898502864604037,151.84438570214337,0.644274015257205,-0.6719407729638103,IWM/QQQ,2.0,0.25,50,0.0,-2.65411030391645,0.08232132995802843
0.09376296440194787,0.16519515260688353,31.299316149395057,-37.747047455195116,2.9756240742632856,151.84438570214337,0.644274015257205,-0.6719407729638103,IWM/QQQ,2.0,0.25,50,0.5,-2.65411030391645,0.08232132995802843
-0.2724208211790713,-0.48958391264271006,29.984218832193584,-63.195755471234975,-8.176528798072543,151.84438570214337,0.644274015257205,-0.6719407729638103,IWM/QQQ,2.0,0.25,60,0.0,-2.65411030391645,0.08232132995802843
-0.2724208211790713,-0.48958391264271006,29.984218832193584,-63.195755471234975,-8.176528798072543,151.84438570214337,0.644274015257205,-0.6719407729638103,IWM/QQQ,2.0,0.25,60,0.5,-2.65411030391645,0.08232132995802843
-0.9348964009801373,-1.855043780095416,25.03945291951604,-104.02346045223612,-24.307390639298266,151.84438570214337,0.644274015257205,-0.6719407729638103,IWM/QQQ,2.5,0.05,40,0.0,-2.65411030391645,0.08232132995802843
-0.9348964009801373,-1.855043780095416,25.03945291951604,-104.02346045223612,-24.307390639298266,151.84438570214337,0.644274015257205,-0.6719407729638103,IWM/QQQ,2.5,0.05,40,0.5,-2.65411030391645,0.08232132995802843
-0.5493698625496621,-1.2111707184488465,20.042083114150447,-85.31697878937413,-13.205292207840133,151.84438570214337,0.644274015257205,-0.6719407729638103,IWM/QQQ,2.5,0.05,50,0.0,-2.65411030391645,0.08232132995802843
-0.5493698625496621,-1.2111707184488465,20.042083114150447,-85.31697878937413,-13.205292207840133,151.84438570214337,0.644274015257205,-0.6719407729638103,IWM/QQQ,2.5,0.05,50,0.5,-2.65411030391645,0.08232132995802843
-0.6643694183039032,-1.3729926222088784,22.724881641241453,-75.85790561485243,-16.343571267189656,151.84438570214337,0.644274015257205,-0.6719407729638103,IWM/QQQ,2.5,0.05,60,0.0,-2.65411030391645,0.08232132995802843
-0.6643694183039032,-1.3729926222088784,22.724881641241453,-75.85790561485243,-16.343571267189656,151.84438570214337,0.644274015257205,-0.6719407729638103,IWM/QQQ,2.5,0.05,60,0.5,-2.65411030391645,0.08232132995802843
-0.5269438240961257,-1.249547505377843,17.4118884797475,-58.696500165590535,-12.426243841452406,151.84438570214337,0.644274015257205,-0.6719407729638103,IWM/QQQ,2.5,0.25,40,0.0,-2.65411030391645,0.08232132995802843
-0.5269438240961257,-1.249547505377843,17.4118884797475,-58.696500165590535,-12.426243841452406,151.84438570214337,0.644274015257205,-0.6719407729638103,IWM/QQQ,2.5,0.25,40,0.5,-2.65411030391645,0.08232132995802843
-0.4587017099795497,-1.1828005085720974,14.623882167280378,-71.24208328050187,-10.471044620097748,151.84438570214337,0.644274015257205,-0.6719407729638103,IWM/QQQ,2.5,0.25,50,0.0,-2.65411030391645,0.08232132995802843
-0.4587017099795497,-1.1828005085720974,14.623882167280378,-71.24208328050187,-10.471044620097748,151.84438570214337,0.644274015257205,-0.6719407729638103,IWM/QQQ,2.5,0.25,50,0.5,-2.65411030391645,0.08232132995802843
-0.6559479345800526,-1.5173138650787767,18.148342977380327,-74.91522500441627,-16.12497478482751,151.84438570214337,0.644274015257205,-0.6719407729638103,IWM/QQQ,2.5,0.25,60,0.0,-2.65411030391645,0.08232132995802843
-0.6559479345800526,-1.5173138650787767,18.148342977380327,-74.91522500441627,-16.12497478482751,151.84438570214337,0.644274015257205,-0.6719407729638103,IWM/QQQ,2.5,0.25,60,0.5,-2.65411030391645,0.08232132995802843
-0.39824115399386095,-1.3304007246428693,8.73224618621778,-38.11726243934216,-7.9854937929247285,151.84438570214337,0.644274015257205,-0.6719407729638103,IWM/QQQ,3.0,0.05,40,0.0,-2.65411030391645,0.08232132995802843
-0.39824115399386095,-1.3304007246428693,8.73224618621778,-38.11726243934216,-7.9854937929247285,151.84438570214337,0.644274015257205,-0.6719407729638103,IWM/QQQ,3.0,0.05,40,0.5,-2.65411030391645,0.08232132995802843
-0.5624558744419763,-2.149924237400158,6.680694371383482,-44.262664109169265,-12.47401908749755,151.84438570214337,0.644274015257205,-0.6719407729638103,IWM/QQQ,3.0,0.05,50,0.0,-2.65411030391645,0.08232132995802843
-0.5624558744419763,-2.149924237400158,6.680694371383482,-44.262664109169265,-12.47401908749755,151.84438570214337,0.644274015257205,-0.6719407729638103,IWM/QQQ,3.0,0.05,50,0.5,-2.65411030391645,0.08232132995802843
-0.7501712430289397,-2.4052604117811898,9.521304576538665,-55.79882709648804,-18.381374809867125,151.84438570214337,0.644274015257205,-0.6719407729638103,IWM/QQQ,3.0,0.05,60,0.0,-2.65411030391645,0.08232132995802843
-0.7501712430289397,-2.4052604117811898,9.521304576538665,-55.79882709648804,-18.381374809867125,151.84438570214337,0.644274015257205,-0.6719407729638103,IWM/QQQ,3.0,0.05,60,0.5,-2.65411030391645,0.08232132995802843
-0.31534987701663764,-1.1531592501694106,7.259337190952131,-26.961094598644465,-5.499898990337871,151.84438570214337,0.644274015257205,-0.6719407729638103,IWM/QQQ,3.0,0.25,40,0.0,-2.65411030391645,0.08232132995802843
-0.31534987701663764,-1.1531592501694106,7.259337190952131,-26.961094598644465,-5.499898990337871,151.84438570214337,0.644274015257205,-0.6719407729638103,IWM/QQQ,3.0,0.25,40,0.5,-2.65411030391645,0.08232132995802843
-0.5382377785837259,-2.0806129003613134,6.522882693319305,-42.384984500944356,-11.884956465788719,151.84438570214337,0.644274015257205,-0.6719407729638103,IWM/QQQ,3.0,0.25,50,0.0,-2.65411030391645,0.08232132995802843
-0.5382377785837259,-2.0806129003613134,6.522882693319305,-42.384984500944356,-11.884956465788719,151.84438570214337,0.644274015257205,-0.6719407729638103,IWM/QQQ,3.0,0.25,50,0.5,-2.65411030391645,0.08232132995802843
-0.7501712430289397,-2.4052604117811898,9.521304576538665,-55.79882709648804,-18.381374809867125,151.84438570214337,0.644274015257205,-0.6719407729638103,IWM/QQQ,3.0,0.25,60,0.0,-2.65411030391645,0.08232132995802843
-0.7501712430289397,-2.4052604117811898,9.521304576538665,-55.79882709648804,-18.381374809867125,151.84438570214337,0.644274015257205,-0.6719407729638103,IWM/QQQ,3.0,0.25,60,0.5,-2.65411030391645,0.08232132995802843
0.09547282818044495,0.15077777959224023,39.189900052603896,-61.333379632103146,1.6465812768501444,231.00263687260556,0.7722136682530054,-0.8747902894328319,XLK/XLY,2.0,0.05,40,0.0,-2.2048012005632787,0.20450751527037192
0.06880772447374617,0.10947391146770406,38.611257233035246,-61.333379632103146,1.1835432845658724,231.00263687260556,0.7722136682530054,-0.8747902894328319,XLK/XLY,2.0,0.05,40,0.5,-2.2048012005632787,0.20450751527037192
0.3187676787537184,0.5229380606964523,36.19147816938453,-30.958392608745307,4.228733009667042,231.00263687260556,0.7722136682530054,-0.8747902894328319,XLK/XLY,2.0,0.05,50,0.0,-2.2048012005632787,0.20450751527037192
0.2407957243917347,0.39904472037249383,35.45502367175171,-39.96552696411625,3.1100296646178234,231.00263687260556,0.7722136682530054,-0.8747902894328319,XLK/XLY,2.0,0.05,50,0.5,-2.2048012005632787,0.20450751527037192
0.2614701625553236,0.4124422651164203,38.87427669647554,-35.515872213675195,4.396953498138622,231.00263687260556,0.7722136682530054,-0.8747902894328319,XLK/XLY,2.0,0.05,60,0.0,-2.2048012005632787,0.20450751527037192
0.282800494270443,0.44640554265794885,38.821672803787486,-33.48462114696326,4.699935707430464,231.00263687260556,0.7722136682530054,-0.8747902894328319,XLK/XLY,2.0,0.05,60,0.5,-2.2048012005632787,0.20450751527037192
-0.19414202458997407,-0.3462163301166582,30.773277222514466,-58.71722866065866,-2.1048384172859538,231.00263687260556,0.7722136682530054,-0.8747902894328319,XLK/XLY,2.0,0.25,40,0.0,-2.2048012005632787,0.20450751527037192
-0.19822977797857236,-0.3538107025449604,30.720673329826408,-58.71722866065866,-2.1468263119134257,231.00263687260556,0.7722136682530054,-0.8747902894328319,XLK/XLY,2.0,0.25,40,0.5,-2.2048012005632787,0.20450751527037192
0.2797985109406331,0.5263665922185533,27.51183587585481,-29.241103810265958,3.28899300494682,231.00263687260556,0.7722136682530054,-0.8747902894328319,XLK/XLY,2.0,0.25,50,0.0,-2.2048012005632787,0.20450751527037192
0.19108441679224494,0.36430085860947753,26.77538137822199,-38.2482381656369,2.170289659897602,231.00263687260556,0.7722136682530054,-0.8747902894328319,XLK/XLY,2.0,0.25,50,0.5,-2.2048012005632787,0.20450751527037192
0.2180574904134077,0.3928720220619697,29.773803261441344,-27.217184832197166,2.542356342816647,231.00263687260556,0.7722136682530054,-0.8747902894328319,XLK/XLY,2.0,0.25,60,0.0,-2.2048012005632787,0.20450751527037192
0.24627936864900363,0.44413651321601705,29.721199368753286,-25.185933765485228,2.8146703949622833,231.00263687260556,0.7722136682530054,-0.8747902894328319,XLK/XLY,2.0,0.25,60,0.5,-2.2048012005632787,0.20450751527037192
0.10104072571527424,0.21972847095270717,20.620725933719093,-33.39121693065002,1.626439758485066,231.00263687260556,0.7722136682530054,-0.8747902894328319,XLK/XLY,2.5,0.05,40,0.0,-2.2048012005632787,0.20450751527037192
0.10104072571527424,0.21972847095270717,20.620725933719093,-33.39121693065002,1.626439758485066,231.00263687260556,0.7722136682530054,-0.8747902894328319,XLK/XLY,2.5,0.05,40,0.5,-2.2048012005632787,0.20450751527037192
0.017403305674123848,0.039105327580830865,19.200420831141503,-31.707983485324842,0.1771158763722371,231.00263687260556,0.7722136682530054,-0.8747902894328319,XLK/XLY,2.5,0.05,50,0.0,-2.2048012005632787,0.20450751527037192
0.017403305674123848,0.039105327580830865,19.200420831141503,-31.707983485324842,0.1771158763722371,231.00263687260556,0.7722136682530054,-0.8747902894328319,XLK/XLY,2.5,0.05,50,0.5,-2.2048012005632787,0.20450751527037192
0.6118915640757118,1.2356636310118767,23.776959495002632,-17.506536205087357,14.405784274696764,231.00263687260556,0.7722136682530054,-0.8747902894328319,XLK/XLY,2.5,0.05,60,0.0,-2.2048012005632787,0.20450751527037192
0.6118915640757118,1.2356636310118767,23.776959495002632,-17.506536205087357,14.405784274696764,231.00263687260556,0.7722136682530054,-0.8747902894328319,XLK/XLY,2.5,0.05,60,0.5,-2.2048012005632787,0.20450751527037192
-0.29545518751407274,-0.7214361918373077,16.359810625986324,-38.18875974094354,-3.471007748796148,231.00263687260556,0.7722136682530054,-0.8747902894328319,XLK/XLY,2.5,0.25,40,0.0,-2.2048012005632787,0.20450751527037192
-0.29545518751407274,-0.7214361918373077,16.359810625986324,-38.18875974094354,-3.471007748796148,231.00263687260556,0.7722136682530054,-0.8747902894328319,XLK/XLY,2.5,0.25,40,0.5,-2.2048012005632787,0.20450751527037192
0.14415556009999894,0.3577471788364483,15.728563913729616,-27.013446116537587,1.4416006579472938,231.00263687260556,0.7722136682530054,-0.8747902894328319,XLK/XLY,2.5,0.25,50,0.0,-2.2048012005632787,0.20450751527037192
0.14415556009999894,0.3577471788364483,15.728563913729616,-27.013446116537587,1.4416006579472938,231.00263687260556,0.7722136682530054,-0.8747902894328319,XLK/XLY,2.5,0.25,50,0.5,-2.2048012005632787,0.20450751527037192
0.7012508501668654,1.732365343765011,15.938979484481852,-13.814085704995561,9.91369497272423,231.00263687260556,0.7722136682530054,-0.8747902894328319,XLK/XLY,2.5,0.25,60,0.0,-2.2048012005632787,0.20450751527037192
0.7012508501668654,1.732365343765011,15.938979484481852,-13.814085704995561,9.91369497272423,231.00263687260556,0.7722136682530054,-0.8747902894328319,XLK/XLY,2.5,0.25,60,0.5,-2.2048012005632787,0.20450751527037192
-0.49193096963552235,-1.7145970121094982,8.048395581273015,-23.401269608923034,-3.4102435530572253,231.00263687260556,0.7722136682530054,-0.8747902894328319,XLK/XLY,3.0,0.05,40,0.0,-2.2048012005632787,0.20450751527037192
-0.49193096963552235,-1.7145970121094982,8.048395581273015,-23.401269608923034,-3.4102435530572253,231.00263687260556,0.7722136682530054,-0.8747902894328319,XLK/XLY,3.0,0.05,40,0.5,-2.2048012005632787,0.20450751527037192
-0.009031362148073999,-0.03868208364486906,5.207785376117833,-3.547511334222734,-0.05598493308008106,231.00263687260556,0.7722136682530054,-0.8747902894328319,XLK/XLY,3.0,0.05,50,0.0,-2.2048012005632787,0.20450751527037192
-0.009031362148073999,-0.03868208364486906,5.207785376117833,-3.547511334222734,-0.05598493308008106,231.00263687260556,0.7722136682530054,-0.8747902894328319,XLK/XLY,3.0,0.05,50,0.5,-2.2048012005632787,0.20450751527037192
0.08248611989646844,0.22718285331298896,12.6775381378222,-15.190033728986823,1.1728787954595907,231.00263687260556,0.7722136682530054,-0.8747902894328319,XLK/XLY,3.0,0.05,60,0.0,-2.2048012005632787,0.20450751527037192
0.08248611989646844,0.22718285331298896,12.6775381378222,-15.190033728986823,1.1728787954595907,231.00263687260556,0.7722136682530054,-0.8747902894328319,XLK/XLY,3.0,0.05,60,0.5,-2.2048012005632787,0.20450751527037192
-0.4875085014632792,-1.7573274766694504,7.522356654392424,-20.179289283417774,-3.244633065161284,231.00263687260556,0.7722136682530054,-0.8747902894328319,XLK/XLY,3.0,0.25,40,0.0,-2.2048012005632787,0.20450751527037192
-0.4875085014632792,-1.7573274766694504,7.522356654392424,-20.179289283417774,-3.244633065161284,231.00263687260556,0.7722136682530054,-0.8747902894328319,XLK/XLY,3.0,0.25,40,0.5,-2.2048012005632787,0.20450751527037192
-0.009031362148073999,-0.03868208364486906,5.207785376117833,-3.547511334222734,-0.05598493308008106,231.00263687260556,0.7722136682530054,-0.8747902894328319,XLK/XLY,3.0,0.25,50,0.0,-2.2048012005632787,0.20450751527037192
-0.009031362148073999,-0.03868208364486906,5.207785376117833,-3.547511334222734,-0.05598493308008106,231.00263687260556,0.7722136682530054,-0.8747902894328319,XLK/XLY,3.0,0.25,50,0.5,-2.2048012005632787,0.20450751527037192
-0.30109784998929306,-0.9392305423663239,9.889531825355077,-11.497583228895024,-1.8008293355022122,231.00263687260556,0.7722136682530054,-0.8747902894328319,XLK/XLY,3.0,0.25,60,0.0,-2.2048012005632787,0.20450751527037192
-0.30109784998929306,-0.9392305423663239,9.889531825355077,-11.497583228895024,-1.8008293355022122,231.00263687260556,0.7722136682530054,-0.8747902894328319,XLK/XLY,3.0,0.25,60,0.5,-2.2048012005632787,0.20450751527037192
0.026210604739081017,0.034125963121648825,57.75907417148869,-19.56179358257681,0.16384095431453408,-4.61517699695515,0.0016742876443910013,-0.4969236090467922,TLT/IEF,2.0,0.05,40,0.0,0.38315414662579134,0.9808539192531674
0.02549189870391259,0.034673222064262044,52.866912151499214,-14.454888628848538,0.15624476229381476,-4.61517699695515,0.0016742876443910013,-0.4969236090467922,TLT/IEF,2.0,0.05,40,0.5,0.38315414662579134,0.9808539192531674
1.044053477288873,1.3696915385032253,56.75960021041557,-4.332343981658029,5.519400296562599,-4.61517699695515,0.0016742876443910013,-0.4969236090467922,TLT/IEF,2.0,0.05,50,0.0,0.38315414662579134,0.9808539192531674
0.9527231236866822,1.267387759452931,55.12887953708574,-4.332343981658029,5.05281163849571,-4.61517699695515,0.0016742876443910013,-0.4969236090467922,TLT/IEF,2.0,0.05,50,0.5,0.38315414662579134,0.9808539192531674
0.769254202519578,1.0365424602419724,53.44555497106786,-5.547768514528164,3.2150852879505103,-4.61517699695515,0.0016742876443910013,-0.4969236090467922,TLT/IEF,2.0,0.05,60,0.0,0.38315414662579134,0.9808539192531674
0.671612742605187,0.9088116486759203,52.97211993687533,-5.547768514528164,2.770816877366371,-4.61517699695515,0.0016742876443910013,-0.4969236090467922,TLT/IEF,2.0,0.05,60,0.5,0.38315414662579134,0.9808539192531674
0.572215783911625,0.9338475656337908,36.77012098895318,-6.0718408468610745,1.9783363553135718,-4.61517699695515,0.0016742876443910013,-0.4969236090467922,TLT/IEF,2.0,0.25,40,0.0,0.38315414662579134,0.9808539192531674
0.5373651428824062,0.9251107518379159,33.035244608101,-3.868342152572316,1.8328223248255895,-4.61517699695515,0.0016742876443910013,-0.4969236090467922,TLT/IEF,2.0,0.25,40,0.5,0.38315414662579134,0.9808539192531674
0.9702575324430971,1.64263058468023,34.13992635455024,-3.572405399946943,4.189155625679446,-4.61517699695515,0.0016742876443910013,-0.4969236090467922,TLT/IEF,2.0,0.25,50,0.0,0.38315414662579134,0.9808539192531674
0.8221179207952005,1.417038995719382,32.87743293003682,-3.572405399946943,3.5115766403219526,-4.61517699695515,0.0016742876443910013,-0.4969236090467922,TLT/IEF,2.0,0.25,50,0.5,0.38315414662579134,0.9808539192531674
0.7424441001299404,1.2556120741507462,33.982114676486056,-5.049606363978623,2.392390735885746,-4.61517699695515,0.0016742876443910013,-0.4969236090467922,TLT/IEF,2.0,0.25,60,0.0,0.38315414662579134,0.9808539192531674
0.6484687063254198,1.1207922287170209,32.45660178853235,-5.049606363978622,2.0553824191623633,-4.61517699695515,0.0016742876443910013,-0.4969236090467922,TLT/IEF,2.0,0.25,60,0.5,0.38315414662579134,0.9808539192531674
0.7195244151158141,1.2358768676872978,33.2982640715413,-2.442681636656496,2.785997935123229,-4.61517699695515,0.0016742876443910013,-0.4969236090467922,TLT/IEF,2.5,0.05,40,0.0,0.38315414662579134,0.9808539192531674
0.715148245871628,1.2462568296191858,32.298790110468175,-2.442681636656496,2.7716264960128827,-4.61517699695515,0.0016742876443910013,-0.4969236090467922,TLT/IEF,2.5,0.05,40,0.5,0.38315414662579134,0.9808539192531674
0.5878543034570416,0.9651661070585394,36.13887427669648,-5.331837485032477,3.12137539947052,-4.61517699695515,0.0016742876443910013,-0.4969236090467922,TLT/IEF,2.5,0.05,50,0.0,0.38315414662579134,0.9808539192531674
0.6000584751228616,0.985970092938355,36.086270384008415,-5.331837485032477,3.227002732890327,-4.61517699695515,0.0016742876443910013,-0.4969236090467922,TLT/IEF,2.5,0.05,50,0.5,0.38315414662579134,0.9808539192531674
0.06625170576706448,0.11459783582427084,32.35139400315623,-10.405336543093426,0.31352892314119524,-4.61517699695515,0.0016742876443910013,-0.4969236090467922,TLT/IEF,2.5,0.05,60,0.0,0.38315414662579134,0.9808539192531674
0.06625170576706448,0.11459783582427084,32.35139400315623,-10.405336543093426,0.31352892314119524,-4.61517699695515,0.0016742876443910013,-0.4969236090467922,TLT/IEF,2.5,0.05,60,0.5,0.38315414662579134,0.9808539192531674
0.7869727649507112,1.719181745538699,20.620725933719093,-3.1283237260861583,3.0404733186589983,-4.61517699695515,0.0016742876443910013,-0.4969236090467922,TLT/IEF,2.5,0.25,40,0.0,0.38315414662579134,0.9808539192531674
0.7377937399127393,1.6297594826775514,20.147290899526567,-3.1283237260861583,2.8253471969016326,-4.61517699695515,0.0016742876443910013,-0.4969236090467922,TLT/IEF,2.5,0.25,40,0.5,0.38315414662579134,0.9808539192531674
0.6213391590217788,1.3100960344146118,21.93582325092057,-4.407437648660446,2.611203467811696,-4.61517699695515,0.0016742876443910013,-0.4969236090467922,TLT/IEF,2.5,0.25,50,0.0,0.38315414662579134,0.9808539192531674
0.6385598939417878,1.3498548423045198,21.83061546554445,-4.350293671983401,2.7164103335261114,-4.61517699695515,0.0016742876443910013,-0.4969236090467922,TLT/IEF,2.5,0.25,50,0.5,0.38315414662579134,0.9808539192531674
0.5065339061877397,1.0961899354687668,20.673329826407155,-5.049606363978623,2.0138665527563413,-4.61517699695515,0.0016742876443910013,-0.4969236090467922,TLT/IEF,2.5,0.25,60,0.0,0.38315414662579134,0.9808539192531674
0.5063257452440257,1.097134060884989,20.620725933719093,-5.049606363978623,2.013090955590395,-4.61517699695515,0.0016742876443910013,-0.4969236090467922,TLT/IEF,2.5,0.25,60,0.5,0.38315414662579134,0.9808539192531674
0.2520086762449781,0.5885067205452419,17.885323513940033,-2.1239182564999064,0.5360123577597489,-4.61517699695515,0.0016742876443910013,-0.4969236090467922,TLT/IEF,3.0,0.05,40,0.0,0.38315414662579134,0.9808539192531674
0.31443537528958426,0.7642073208119347,16.5176223040505,-2.1239182564999064,0.6602577926652748,-4.61517699695515,0.0016742876443910013,-0.4969236090467922,TLT/IEF,3.0,0.05,40,0.5,0.38315414662579134,0.9808539192531674
-0.3437950603151469,-0.7895879698208979,18.411362440820618,-7.672883975081599,-0.9653497142104728,-4.61517699695515,0.0016742876443910013,-0.4969236090467922,TLT/IEF,3.0,0.05,50,0.0,0.38315414662579134,0.9808539192531674
-0.3437950603151469,-0.7895879698208979,18.411362440820618,-7.672883975081599,-0.9653497142104728,-4.61517699695515,0.0016742876443910013,-0.4969236090467922,TLT/IEF,3.0,0.05,50,0.5,0.38315414662579134,0.9808539192531674
-0.4818659803992483,-1.0818403422454261,19.25302472382956,-11.67055391212088,-1.5321814580789244,-4.61517699695515,0.0016742876443910013,-0.4969236090467922,TLT/IEF,3.0,0.05,60,0.0,0.38315414662579134,0.9808539192531674
-0.4818659803992483,-1.0818403422454261,19.25302472382956,-11.67055391212088,-1.5321814580789244,-4.61517699695515,0.0016742876443910013,-0.4969236090467922,TLT/IEF,3.0,0.05,60,0.5,0.38315414662579134,0.9808539192531674
0.2545913957332578,0.757258424667929,10.994213571804314,-2.1682628437173186,0.534131572923038,-4.61517699695515,0.0016742876443910013,-0.4969236090467922,TLT/IEF,3.0,0.25,40,0.0,0.38315414662579134,0.9808539192531674
0.31990581388648043,1.014301583481346,9.67911625460284,-2.1682628437173186,0.6618553441842594,-4.61517699695515,0.0016742876443910013,-0.4969236090467922,TLT/IEF,3.0,0.25,40,0.5,0.38315414662579134,0.9808539192531674
-0.16474356152370034,-0.5016723871555819,10.415570752235666,-6.47742712508498,-0.4289783478604463,-4.61517699695515,0.0016742876443910013,-0.4969236090467922,TLT/IEF,3.0,0.25,50,0.0,0.38315414662579134,0.9808539192531674
-0.16474356152370034,-0.5016723871555819,10.415570752235666,-6.47742712508498,-0.4289783478604463,-4.61517699695515,0.0016742876443910013,-0.4969236090467922,TLT/IEF,3.0,0.25,50,0.5,0.38315414662579134,0.9808539192531674
-0.16429808825801445,-0.4672929670200417,11.888479747501316,-6.1227853975927164,-0.403675322044088,-4.61517699695515,0.0016742876443910013,-0.4969236090467922,TLT/IEF,3.0,0.25,60,0.0,0.38315414662579134,0.9808539192531674
-0.16460282927516562,-0.4691912913806993,11.835875854813256,-6.122785397592718,-0.40445091921003457,-4.61517699695515,0.0016742876443910013,-0.4969236090467922,TLT/IEF,3.0,0.25,60,0.5,0.38315414662579134,0.9808539192531674
-0.0868523441964207,-0.12036713681302723,50.97317201472909,-20.60269609490851,-2.2048470851918425,59.150453609879165,0.42390422720449605,-0.4341923885103519,EWJ/EZU,2.0,0.05,40,0.0,-3.96522368384631,0.0016039669257939691
-0.10162481319833512,-0.14383794412081308,48.86901630720673,-20.132769036697308,-2.7141520601490448,59.150453609879165,0.42390422720449605,-0.4341923885103519,EWJ/EZU,2.0,0.05,40,0.5,-3.96522368384631,0.0016039669257939691
-0.27848838453718305,-0.3992196506699279,47.39610731194108,-27.91777831383505,-6.292423330056633,59.150453609879165,0.42390422720449605,-0.4341923885103519,EWJ/EZU,2.0,0.05,50,0.0,-3.96522368384631,0.0016039669257939691
-0.22900673835327556,-0.32486413843660455,48.3955812730142,-25.466237745442367,-5.1103887004480635,59.150453609879165,0.42390422720449605,-0.4341923885103519,EWJ/EZU,2.0,0.05,50,0.5,-3.96522368384631,0.0016039669257939691
-0.3936984950717549,-0.5963086412371916,42.24092582851131,-30.440295684666456,-8.744628897064722,59.150453609879165,0.42390422720449605,-0.4341923885103519,EWJ/EZU,2.0,0.05,60,0.0,-3.96522368384631,0.0016039669257939691
-0.3850545568609782,-0.585765161931196,41.8726985796949,-29.794373180299683,-8.439978065357597,59.150453609879165,0.42390422720449605,-0.4341923885103519,EWJ/EZU,2.0,0.05,60,0.5,-3.96522368384631,0.0016039669257939691
-0.13125445089497992,-0.23207503082525918,31.299316149395057,-21.884808668325334,-2.894231378100566,59.150453609879165,0.42390422720449605,-0.4341923885103519,EWJ/EZU,2.0,0.25,40,0.0,-3.96522368384631,0.0016039669257939691
-0.09648916503256207,-0.17323607830811438,30.352446081009994,-21.29819852726549,-2.190051298016217,59.150453609879165,0.42390422720449605,-0.4341923885103519,EWJ/EZU,2.0,0.25,40,0.5,-3.96522368384631,0.0016039669257939691
0.018247530667239536,0.02979541927052979,36.50710152551289,-14.619541052791002,0.35930059639242506,59.150453609879165,0.42390422720449605,-0.4341923885103519,EWJ/EZU,2.0,0.25,50,0.0,-3.96522368384631,0.0016039669257939691
0.07710417993615377,0.12572086819557934,36.61230931088901,-12.304158891925146,1.495385243875667,59.150453609879165,0.42390422720449605,-0.4341923885103519,EWJ/EZU,2.0,0.25,50,0.5,-3.96522368384631,0.0016039669257939691
-0.08415200375930089,-0.14462597022801432,32.7722251446607,-16.193092432807635,-1.5540519534565078,59.150453609879165,0.42390422720449605,-0.4341923885103519,EWJ/EZU,2.0,0.25,60,0.0,-3.96522368384631,0.0016039669257939691
-0.02136118284199219,-0.037658315827372134,31.141504471330876,-14.427497746173266,-0.3946723989963612,59.150453609879165,0.42390422720449605,-0.4341923885103519,EWJ/EZU,2.0,0.25,60,0.5,-3.96522368384631,0.0016039669257939691
0.0526853523059276,0.08974967707681414,33.71909521304576,-11.680087901830877,1.2539147402410857,59.150453609879165,0.42390422720449605,-0.4341923885103519,EWJ/EZU,2.5,0.05,40,0.0,-3.96522368384631,0.0016039669257939691
0.0526853523059276,0.08974967707681414,33.71909521304576,-11.680087901830877,1.2539147402410857,59.150453609879165,0.42390422720449605,-0.4341923885103519,EWJ/EZU,2.5,0.05,40,0.5,-3.96522368384631,0.0016039669257939691
-0.2924165371647514,-0.5631885411105221,26.249342451341402,-19.44174151068964,-5.137103716496639,59.150453609879165,0.42390422720449605,-0.4341923885103519,EWJ/EZU,2.5,0.05,50,0.0,-3.96522368384631,0.0016039669257939691
-0.2924165371647514,-0.5631885411105221,26.249342451341402,-19.44174151068964,-5.137103716496639,59.150453609879165,0.42390422720449605,-0.4341923885103519,EWJ/EZU,2.5,0.05,50,0.5,-3.96522368384631,0.0016039669257939691
-0.47725242482400265,-0.9056535187741728,26.933193056286164,-20.05986014835036,-8.509237858053412,59.150453609879165,0.42390422720449605,-0.4341923885103519,EWJ/EZU,2.5,0.05,60,0.0,-3.96522368384631,0.0016039669257939691
-0.42609750614228686,-0.8221600671672658,26.038926880589162,-18.039910725105404,-7.530490937740698,59.150453609879165,0.42390422720449605,-0.4341923885103519,EWJ/EZU,2.5,0.05,60,0.5,-3.96522368384631,0.0016039669257939691
-0.2047598629205555,-0.44258481211147205,20.93634928984745,-18.03005464767276,-3.4524017287137063,59.150453609879165,0.42390422720449605,-0.4341923885103519,EWJ/EZU,2.5,0.25,40,0.0,-3.96522368384631,0.0016039669257939691
-0.2276566831080494,-0.4933506883718281,20.831141504471333,-18.787689949093775,-3.8665532978222066,59.150453609879165,0.42390422720449605,-0.4341923885103519,EWJ/EZU,2.5,0.25,40,0.5,-3.96522368384631,0.0016039669257939691
-0.06632362032896692,-0.13752407421248122,22.619673855865337,-11.90349464806245,-1.041331948309472,59.150453609879165,0.42390422720449605,-0.4341923885103519,EWJ/EZU,2.5,0.25,50,0.0,-3.96522368384631,0.0016039669257939691
-0.06632362032896692,-0.13752407421248122,22.619673855865337,-11.90349464806245,-1.041331948309472,59.150453609879165,0.42390422720449605,-0.4341923885103519,EWJ/EZU,2.5,0.25,50,0.5,-3.96522368384631,0.0016039669257939691
-0.2388804665216633,-0.501790193459936,21.93582325092057,-10.617509511214351,-3.406655917673337,59.150453609879165,0.42390422720449605,-0.4341923885103519,EWJ/EZU,2.5,0.25,60,0.0,-3.96522368384631,0.0016039669257939691
-0.19374811079561532,-0.40938908929762025,21.672803787480273,-9.277014698079572,-2.7556849604321743,59.150453609879165,0.42390422720449605,-0.4341923885103519,EWJ/EZU,2.5,0.25,60,0.5,-3.96522368384631,0.0016039669257939691
0.14538126783928085,0.3672986649754293,15.307732772225144,-3.946789485838589,1.6373111162988194,59.150453609879165,0.42390422720449605,-0.4341923885103519,EWJ/EZU,3.0,0.05,40,0.0,-3.96522368384631,0.0016039669257939691
0.14538126783928085,0.3672986649754293,15.307732772225144,-3.946789485838589,1.6373111162988194,59.150453609879165,0.42390422720449605,-0.4341923885103519,EWJ/EZU,3.0,0.05,40,0.5,-3.96522368384631,0.0016039669257939691
-0.23160910457874412,-0.5323982673567792,18.411362440820618,-11.211202269649045,-3.201344436215047,59.150453609879165,0.42390422720449605,-0.4341923885103519,EWJ/EZU,3.0,0.05,50,0.0,-3.96522368384631,0.0016039669257939691
-0.23160910457874412,-0.5323982673567792,18.411362440820618,-11.211202269649045,-3.201344436215047,59.150453609879165,0.42390422720449605,-0.4341923885103519,EWJ/EZU,3.0,0.05,50,0.5,-3.96522368384631,0.0016039669257939691
-0.34374467152334676,-0.8646659797432198,15.307732772225144,-12.173524290040525,-3.998224417279006,59.150453609879165,0.42390422720449605,-0.4341923885103519,EWJ/EZU,3.0,0.05,60,0.0,-3.96522368384631,0.0016039669257939691
-0.34374467152334676,-0.8646659797432198,15.307732772225144,-12.173524290040525,-3.998224417279006,59.150453609879165,0.42390422720449605,-0.4341923885103519,EWJ/EZU,3.0,0.05,60,0.5,-3.96522368384631,0.0016039669257939691
0.2417656405814458,0.700962281593484,11.62546028406102,-3.005678056536136,2.4514658182692455,59.150453609879165,0.42390422720449605,-0.4341923885103519,EWJ/EZU,3.0,0.25,40,0.0,-3.96522368384631,0.0016039669257939691
0.2417656405814458,0.700962281593484,11.62546028406102,-3.005678056536136,2.4514658182692455,59.150453609879165,0.42390422720449605,-0.4341923885103519,EWJ/EZU,3.0,0.25,40,0.5,-3.96522368384631,0.0016039669257939691
-0.22797919689915402,-0.5594753529692478,16.149395055234088,-10.680072424852058,-3.0814956364249726,59.150453609879165,0.42390422720449605,-0.4341923885103519,EWJ/EZU,3.0,0.25,50,0.0,-3.96522368384631,0.0016039669257939691
-0.22797919689915402,-0.5594753529692478,16.149395055234088,-10.680072424852058,-3.0814956364249726,59.150453609879165,0.42390422720449605,-0.4341923885103519,EWJ/EZU,3.0,0.25,50,0.5,-3.96522368384631,0.0016039669257939691
0.033743124178829485,0.09198668354275037,12.993161493950552,-6.580805843299685,0.3927108012963619,59.150453609879165,0.42390422720449605,-0.4341923885103519,EWJ/EZU,3.0,0.25,60,0.0,-3.96522368384631,0.0016039669257939691
0.033743124178829485,0.09198668354275037,12.993161493950552,-6.580805843299685,0.3927108012963619,59.150453609879165,0.42390422720449605,-0.4341923885103519,EWJ/EZU,3.0,0.25,60,0.5,-3.96522368384631,0.0016039669257939691
-0.043029437060710905,-0.065057156538797,42.7669647553919,-31.39378172921925,-2.077990687663341,194.35883005940303,0.693659736048876,-0.6115510227427379,XLE/XLK,2.0,0.05,40,0.0,-1.88805432451446,0.3377014320395385
-0.0444916415377064,-0.0681946469702864,41.609679116254604,-31.39378172921925,-2.1575139344095535,194.35883005940303,0.693659736048876,-0.6115510227427379,XLE/XLK,2.0,0.05,40,0.5,-1.88805432451446,0.3377014320395385
0.33020293719161764,0.4800908032700173,46.02840610205155,-23.833187328725934,12.909392470318648,194.35883005940303,0.693659736048876,-0.6115510227427379,XLE/XLK,2.0,0.05,50,0.0,-1.88805432451446,0.3377014320395385
0.3124856804075313,0.46040208269948196,44.818516570226194,-23.833187328725934,12.200368648681442,194.35883005940303,0.693659736048876,-0.6115510227427379,XLE/XLK,2.0,0.05,50,0.5,-1.88805432451446,0.3377014320395385
-0.19732057477120526,-0.3292801847474742,34.71856917411888,-39.556415022329546,-8.849640372641058,194.35883005940303,0.693659736048876,-0.6115510227427379,XLE/XLK,2.0,0.05,60,0.0,-1.88805432451446,0.3377014320395385
-0.25344380684852663,-0.42297421437064275,34.71856917411888,-39.3189113749602,-11.102776469485109,194.35883005940303,0.693659736048876,-0.6115510227427379,XLE/XLK,2.0,0.05,60,0.5,-1.88805432451446,0.3377014320395385
-0.15569500003098952,-0.27279068727714356,31.825355076275645,-25.780932238044898,-5.359860812886548,194.35883005940303,0.693659736048876,-0.6115510227427379,XLE/XLK,2.0,0.25,40,0.0,-1.88805432451446,0.3377014320395385
-0.15457451977280065,-0.2756385302671559,30.720673329826408,-25.765336677616716,-5.350568038768913,194.35883005940303,0.693659736048876,-0.6115510227427379,XLE/XLK,2.0,0.25,40,0.5,-1.88805432451446,0.3377014320395385
0.5043382537430622,0.8451910313256997,34.66596528143083,-17.78500020706611,16.827060067657627,194.35883005940303,0.693659736048876,-0.6115510227427379,XLE/XLK,2.0,0.25,50,0.0,-1.88805432451446,0.3377014320395385
0.4897345423528883,0.8347210601969784,33.50867964229353,-17.78500020706611,16.341780531978877,194.35883005940303,0.693659736048876,-0.6115510227427379,XLE/XLK,2.0,0.25,50,0.5,-1.88805432451446,0.3377014320395385
-0.002289089019489066,-0.004313610593446387,27.19621251972646,-35.483203973462004,-0.09575521839988982,194.35883005940303,0.693659736048876,-0.6115510227427379,XLE/XLK,2.0,0.25,60,0.0,-1.88805432451446,0.3377014320395385
-0.012955680736161037,-0.0246526503574473,26.67017359284587,-35.24570032609266,-0.5416758159341384,194.35883005940303,0.693659736048876,-0.6115510227427379,XLE/XLK,2.0,0.25,60,0.5,-1.88805432451446,0.3377014320395385
-0.3545265449855913,-0.6727778010478594,27.1436086270384,-29.525727507471835,-11.829511569669375,194.35883005940303,0.693659736048876,-0.6115510227427379,XLE/XLK,2.5,0.05,40,0.0,-1.88805432451446,0.3377014320395385
-0.38407614813928304,-0.7419687621422014,26.196738558653344,-29.525727507471835,-12.77672881426913,194.35883005940303,0.693659736048876,-0.6115510227427379,XLE/XLK,2.5,0.05,40,0.5,-1.88805432451446,0.3377014320395385
-0.16037618891443087,-0.2960267380067856,28.511309836927936,-32.05148360095451,-4.252375549213122,194.35883005940303,0.693659736048876,-0.6115510227427379,XLE/XLK,2.5,0.05,50,0.0,-1.88805432451446,0.3377014320395385
-0.16037618891443087,-0.2960267380067856,28.511309836927936,-32.05148360095451,-4.252375549213122,194.35883005940303,0.693659736048876,-0.6115510227427379,XLE/XLK,2.5,0.05,50,0.5,-1.88805432451446,0.3377014320395385
0.21547020588083163,0.4210061400042625,25.30247238295634,-21.67168508448305,8.56555857413781,194.35883005940303,0.693659736048876,-0.6115510227427379,XLE/XLK,2.5,0.05,60,0.0,-1.88805432451446,0.3377014320395385
0.21547020588083163,0.4210061400042625,25.30247238295634,-21.67168508448305,8.56555857413781,194.35883005940303,0.693659736048876,-0.6115510227427379,XLE/XLK,2.5,0.05,60,0.5,-1.88805432451446,0.3377014320395385
0.00314477957123661,0.007350513336898204,17.83271962125197,-25.217667635380494,0.0901540543662006,194.35883005940303,0.693659736048876,-0.6115510227427379,XLE/XLK,2.5,0.25,40,0.0,-1.88805432451446,0.3377014320395385
-0.02662293846589003,-0.06383969502105001,16.93845344555497,-25.217667635380494,-0.7607318259781454,194.35883005940303,0.693659736048876,-0.6115510227427379,XLE/XLK,2.5,0.25,40,0.5,-1.88805432451446,0.3377014320395385
0.10915969244681593,0.25083540556205597,18.358758548132563,-22.45404441083878,2.5121731711783846,194.35883005940303,0.693659736048876,-0.6115510227427379,XLE/XLK,2.5,0.25,50,0.0,-1.88805432451446,0.3377014320395385
0.10915969244681593,0.25083540556205597,18.358758548132563,-22.45404441083878,2.5121731711783846,194.35883005940303,0.693659736048876,-0.6115510227427379,XLE/XLK,2.5,0.25,50,0.5,-1.88805432451446,0.3377014320395385
0.12204431919798349,0.277720140343431,18.621778011572857,-20.43210885584962,4.14994423186541,194.35883005940303,0.693659736048876,-0.6115510227427379,XLE/XLK,2.5,0.25,60,0.0,-1.88805432451446,0.3377014320395385
0.12204431919798349,0.277720140343431,18.621778011572857,-20.43210885584962,4.14994423186541,194.35883005940303,0.693659736048876,-0.6115510227427379,XLE/XLK,2.5,0.25,60,0.5,-1.88805432451446,0.3377014320395385
-0.37439454972795133,-1.0795081829290611,11.730668069437138,-13.497243902713118,-6.147888737130312,194.35883005940303,0.693659736048876,-0.6115510227427379,XLE/XLK,3.0,0.05,40,0.0,-1.88805432451446,0.3377014320395385
-0.37439454972795133,-1.0795081829290611,11.730668069437138,-13.497243902713118,-6.147888737130312,194.35883005940303,0.693659736048876,-0.6115510227427379,XLE/XLK,3.0,0.05,40,0.5,-1.88805432451446,0.3377014320395385
-0.25345877401601663,-0.7903281124364656,9.942135718043135,-9.13202721448712,-3.0877485150073865,194.35883005940303,0.693659736048876,-0.6115510227427379,XLE/XLK,3.0,0.05,50,0.0,-1.88805432451446,0.3377014320395385
-0.25345877401601663,-0.7903281124364656,9.942135718043135,-9.13202721448712,-3.0877485150073865,194.35883005940303,0.693659736048876,-0.6115510227427379,XLE/XLK,3.0,0.05,50,0.5,-1.88805432451446,0.3377014320395385
0.2252286493541168,0.7316103367079518,9.100473435034193,-5.412078159947879,4.488725406832228,194.35883005940303,0.693659736048876,-0.6115510227427379,XLE/XLK,3.0,0.05,60,0.0,-1.88805432451446,0.3377014320395385
0.2252286493541168,0.7316103367079518,9.100473435034193,-5.412078159947879,4.488725406832228,194.35883005940303,0.693659736048876,-0.6115510227427379,XLE/XLK,3.0,0.05,60,0.5,-1.88805432451446,0.3377014320395385
-0.07626846230867959,-0.25630280855758897,8.574434508153603,-11.832684994760182,-1.1221805074753848,194.35883005940303,0.693659736048876,-0.6115510227427379,XLE/XLK,3.0,0.25,40,0.0,-1.88805432451446,0.3377014320395385
-0.07626846230867959,-0.25630280855758897,8.574434508153603,-11.832684994760182,-1.1221805074753848,194.35883005940303,0.693659736048876,-0.6115510227427379,XLE/XLK,3.0,0.25,40,0.5,-1.88805432451446,0.3377014320395385
-0.09802247862061232,-0.3411937038099087,7.943187795896896,-6.848853466321972,-1.1502233197642844,194.35883005940303,0.693659736048876,-0.6115510227427379,XLE/XLK,3.0,0.25,50,0.0,-1.88805432451446,0.3377014320395385
-0.09802247862061232,-0.3411937038099087,7.943187795896896,-6.848853466321972,-1.1502233197642844,194.35883005940303,0.693659736048876,-0.6115510227427379,XLE/XLK,3.0,0.25,50,0.5,-1.88805432451446,0.3377014320395385
0.39601650076522105,1.3484764909803766,8.311415044713309,-5.412078159947879,9.519786268937311,194.35883005940303,0.693659736048876,-0.6115510227427379,XLE/XLK,3.0,0.25,60,0.0,-1.88805432451446,0.3377014320395385
0.39601650076522105,1.3484764909803766,8.311415044713309,-5.412078159947879,9.519786268937311,194.35883005940303,0.693659736048876,-0.6115510227427379,XLE/XLK,3.0,0.25,60,0.5,-1.88805432451446,0.3377014320395385
0.23599089051669128,0.30940080750936166,56.917411888479755,-3.300395463957126,2.5529807083348537,0.296666153023728,0.04733989749132967,-0.3594268747283522,SHY/TLT,2.0,0.05,40,0.0,0.3474826722318217,0.9794211068171411
-0.28451932297456345,-0.6467767008075734,18.88479747501315,-2.5468530585612505,-1.3675400716849333,0.296666153023728,0.04733989749132967,-0.3594268747283522,SHY/TLT,2.0,0.05,40,0.5,0.3474826722318217,0.9794211068171411
-0.21778114684667568,-0.2883707390684892,55.49710678590216,-5.131290083278266,-2.3382329377379993,0.296666153023728,0.04733989749132967,-0.3594268747283522,SHY/TLT,2.0,0.05,50,0.0,0.3474826722318217,0.9794211068171411
-0.152070084231919,-0.35097535725764856,18.200946870068385,-3.118373357448493,-1.0003403163162943,0.296666153023728,0.04733989749132967,-0.3594268747283522,SHY/TLT,2.0,0.05,50,0.5,0.3474826722318217,0.9794211068171411
-0.37554059663815803,-0.4746672055048421,60.65228826933193,-5.427816980787462,-4.244184643211282,0.296666153023728,0.04733989749132967,-0.3594268747283522,SHY/TLT,2.0,0.05,60,0.0,0.3474826722318217,0.9794211068171411
-0.14452101983108276,-0.323036132551233,19.305628616517623,-2.9459714728813893,-0.8834796883696403,0.296666153023728,0.04733989749132967,-0.3594268747283522,SHY/TLT,2.0,0.05,60,0.5,0.3474826722318217,0.9794211068171411
0.4054432031692483,0.6406014904257198,39.189900052603896,-1.015387569765369,2.1593713768438407,0.296666153023728,0.04733989749132967,-0.3594268747283522,SHY/TLT,2.0,0.25,40,0.0,0.3474826722318217,0.9794211068171411
-0.0561319605998813,-0.18059229390572137,9.363492898474487,-0.8748020913555252,-0.1440806888989595,0.296666153023728,0.04733989749132967,-0.3594268747283522,SHY/TLT,2.0,0.25,40,0.5,0.3474826722318217,0.9794211068171411
0.44221551553337984,0.7262115732110351,36.086270384008415,-0.9562152628448227,3.1978288276658127,0.296666153023728,0.04733989749132967,-0.3594268747283522,SHY/TLT,2.0,0.25,50,0.0,0.3474826722318217,0.9794211068171411
-0.2305390213185122,-0.6606254624351781,11.783271962125196,-2.080621168038933,-0.9926733126397465,0.296666153023728,0.04733989749132967,-0.3594268747283522,SHY/TLT,2.0,0.25,50,0.5,0.3474826722318217,0.9794211068171411
0.2956239284693706,0.4740900491657017,37.611783271962125,-2.211749937973151,2.0705618768859257,0.296666153023728,0.04733989749132967,-0.3594268747283522,SHY/TLT,2.0,0.25,60,0.0,0.3474826722318217,0.9794211068171411
-0.008786423427221338,-0.022074009487896885,15.255128879537086,-2.191743191337883,-0.045058859577708596,0.296666153023728,0.04733989749132967,-0.3594268747283522,SHY/TLT,2.0,0.25,60,0.5,0.3474826722318217,0.9794211068171411
-0.1539725094461813,-0.2560090773440822,35.34981588637559,-3.2421065222241343,-1.025180460222572,0.296666153023728,0.04733989749132967,-0.3594268747283522,SHY/TLT,2.5,0.05,40,0.0,0.3474826722318217,0.9794211068171411
-0.14920839894247856,-0.35513181444297076,17.201472908995267,-1.886609375163636,-0.6879695694183753,0.296666153023728,0.04733989749132967,-0.3594268747283522,SHY/TLT,2.5,0.05,40,0.5,0.3474826722318217,0.9794211068171411
-0.4051542003909405,-0.6168781375172259,41.977906365071014,-5.655224446077998,-3.9567044709944703,0.296666153023728,0.04733989749132967,-0.3594268747283522,SHY/TLT,2.5,0.05,50,0.0,0.3474826722318217,0.9794211068171411
-0.15318457886153686,-0.3555992005795487,17.99053129931615,-3.1212793829799637,-1.0032658799655758,0.296666153023728,0.04733989749132967,-0.3594268747283522,SHY/TLT,2.5,0.05,50,0.5,0.3474826722318217,0.9794211068171411
-0.35919878650408765,-0.5843378174664685,36.55970541820095,-3.8259662803428647,-2.8915911413237043,0.296666153023728,0.04733989749132967,-0.3594268747283522,SHY/TLT,2.5,0.05,60,0.0,0.3474826722318217,0.9794211068171411
-0.09231346463984186,-0.21005442651580272,18.621778011572857,-2.61226631287545,-0.5454592643126706,0.296666153023728,0.04733989749132967,-0.3594268747283522,SHY/TLT,2.5,0.05,60,0.5,0.3474826722318217,0.9794211068171411
0.05142449723331755,0.1034912344010967,24.092582851130985,-1.896448373536661,0.24196659257470804,0.296666153023728,0.04733989749132967,-0.3594268747283522,SHY/TLT,2.5,0.25,40,0.0,0.3474826722318217,0.9794211068171411
0.03247949845569273,0.11224176391870515,8.100999473961073,-0.6565245579020536,0.0806407068010548,0.296666153023728,0.04733989749132967,-0.3594268747283522,SHY/TLT,2.5,0.25,40,0.5,0.3474826722318217,0.9794211068171411
-0.0007620225732493548,-0.0014235003464718808,27.827459231983166,-2.1017302651596665,-0.004954854353658486,0.296666153023728,0.04733989749132967,-0.3594268747283522,SHY/TLT,2.5,0.25,50,0.0,0.3474826722318217,0.9794211068171411
-0.23225800148905518,-0.6715386771807654,11.57285639137296,-2.0703954213704368,-0.9823788150807473,0.296666153023728,0.04733989749132967,-0.3594268747283522,SHY/TLT,2.5,0.25,50,0.5,0.3474826722318217,0.9794211068171411
0.21577746618800164,0.4363185589474711,23.619147816938455,-2.0383170812785365,1.4264164795251835,0.296666153023728,0.04733989749132967,-0.3594268747283522,SHY/TLT,2.5,0.25,60,0.0,0.3474826722318217,0.9794211068171411
0.06441731963717896,0.16556959965439103,14.57127827459232,-1.8377078108279519,0.31355468253535823,0.296666153023728,0.04733989749132967,-0.3594268747283522,SHY/TLT,2.5,0.25,60,0.5,0.3474826722318217,0.9794211068171411
-0.2905432717173558,-0.6541667497998169,19.25302472382956,-1.3684689134326316,-1.0765427617130932,0.296666153023728,0.04733989749132967,-0.3594268747283522,SHY/TLT,3.0,0.05,40,0.0,0.3474826722318217,0.9794211068171411
-0.24617750633011687,-0.628721737428883,14.939505523408734,-1.3684689134326316,-0.9431357811488406,0.296666153023728,0.04733989749132967,-0.3594268747283522,SHY/TLT,3.0,0.05,40,0.5,0.3474826722318217,0.9794211068171411
-0.3891457251190721,-0.7134906348810244,28.932140978432404,-2.955388930283105,-2.3618898565612287,0.296666153023728,0.04733989749132967,-0.3594268747283522,SHY/TLT,3.0,0.05,50,0.0,0.3474826722318217,0.9794211068171411
-0.24005659054628026,-0.6463079010915499,13.361388742766964,-2.053689767969747,-1.1704205278890214,0.296666153023728,0.04733989749132967,-0.3594268747283522,SHY/TLT,3.0,0.05,50,0.5,0.3474826722318217,0.9794211068171411
-0.4329139892569347,-0.8800672238307243,23.40873224618622,-2.0484926765436056,-1.9903781662122826,0.296666153023728,0.04733989749132967,-0.3594268747283522,SHY/TLT,3.0,0.05,60,0.0,0.3474826722318217,0.9794211068171411
-0.3722912549882337,-0.9967142146530277,13.466596528143082,-1.5787802509122753,-1.4643065499052506,0.296666153023728,0.04733989749132967,-0.3594268747283522,SHY/TLT,3.0,0.05,60,0.5,0.3474826722318217,0.9794211068171411
0.27943442702146887,0.8159584636653886,11.415044713308784,-0.3525192562883771,0.4567874985718498,0.296666153023728,0.04733989749132967,-0.3594268747283522,SHY/TLT,3.0,0.25,40,0.0,0.3474826722318217,0.9794211068171411
0.23054660968677193,0.8673052575015741,6.83850604944766,-0.2334366982991704,0.42799021481159366,0.296666153023728,0.04733989749132967,-0.3594268747283522,SHY/TLT,3.0,0.25,40,0.5,0.3474826722318217,0.9794211068171411
-0.0989297395550148,-0.22572179851992755,18.621778011572857,-1.2065811913911624,-0.3959426851592441,0.296666153023728,0.04733989749132967,-0.3594268747283522,SHY/TLT,3.0,0.25,50,0.0,0.3474826722318217,0.9794211068171411
-0.08999762969335842,-0.27817761801639407,10.09994739610731,-1.2065811913911624,-0.3027184881223171,0.296666153023728,0.04733989749132967,-0.3594268747283522,SHY/TLT,3.0,0.25,50,0.5,0.3474826722318217,0.9794211068171411
-0.10869733821334442,-0.27990713730106176,14.518674381904262,-1.187472850794289,-0.29778943153772836,0.296666153023728,0.04733989749132967,-0.3594268747283522,SHY/TLT,3.0,0.25,60,0.0,0.3474826722318217,0.9794211068171411
-0.19996482523548137,-0.6183413092496017,10.047343503419253,-0.8931318832802033,-0.4699180574791405,0.296666153023728,0.04733989749132967,-0.3594268747283522,SHY/TLT,3.0,0.25,60,0.5,0.3474826722318217,0.9794211068171411
0.41748818849113273,0.5654953696244069,53.3929510783798,-10.480894290751328,32.339839425734525,163.19697567952423,0.650016079595432,-0.6413024961789873,GDX/GLD,2.0,0.05,40,0.0,-2.8416702164484167,0.05256358280867387
0.49469204632315056,0.6688299912898132,53.603366649132035,-10.469901945265743,37.54376914831987,163.19697567952423,0.650016079595432,-0.6413024961789873,GDX/GLD,2.0,0.05,40,0.5,-2.8416702164484167,0.05256358280867387
-0.34389104515168784,-0.4761444281383183,50.81536033666492,-19.887680752706974,-22.353582785719233,163.19697567952423,0.650016079595432,-0.6413024961789873,GDX/GLD,2.0,0.05,50,0.0,-2.8416702164484167,0.05256358280867387
-0.2654162930928488,-0.37734838558978007,48.18516570226197,-17.58207057072164,-16.714839272198404,163.19697567952423,0.650016079595432,-0.6413024961789873,GDX/GLD,2.0,0.05,50,0.5,-2.8416702164484167,0.05256358280867387
-0.026094848450931928,-0.03867558792561818,44.02945817990531,-21.756345476084995,-1.9185536989067278,163.19697567952423,0.650016079595432,-0.6413024961789873,GDX/GLD,2.0,0.05,60,0.0,-2.8416702164484167,0.05256358280867387
0.04306477805268439,0.06436646023389402,43.29300368227249,-20.10250402463709,3.1122585314550775,163.19697567952423,0.650016079595432,-0.6413024961789873,GDX/GLD,2.0,0.05,60,0.5,-2.8416702164484167,0.05256358280867387
0.006346329736912206,0.010180274286040545,38.0326144134666,-12.570848252967043,0.3442282356220715,163.19697567952423,0.650016079595432,-0.6413024961789873,GDX/GLD,2.0,0.25,40,0.0,-2.8416702164484167,0.05256358280867387
0.09578762228084549,0.1570587683656139,36.40189374013677,-9.174034680607836,5.006646499585094,163.19697567952423,0.650016079595432,-0.6413024961789873,GDX/GLD,2.0,0.25,40,0.5,-2.8416702164484167,0.05256358280867387
0.3095913843690989,0.5006528044829606,37.19095213045765,-11.629596745027717,20.690120370011222,163.19697567952423,0.650016079595432,-0.6413024961789873,GDX/GLD,2.0,0.25,50,0.0,-2.8416702164484167,0.05256358280867387
0.377455178030389,0.6303934994894317,34.87638085218306,-8.38997946359324,24.843581643547473,163.19697567952423,0.650016079595432,-0.6413024961789873,GDX/GLD,2.0,0.25,50,0.5,-2.8416702164484167,0.05256358280867387
0.04264492012405047,0.07180847856081549,34.08732246186218,-10.737932640354371,2.448252947929012,163.19697567952423,0.650016079595432,-0.6413024961789873,GDX/GLD,2.0,0.25,60,0.0,-2.8416702164484167,0.05256358280867387
0.13426677139319843,0.22857657795564523,33.35086796422935,-10.806304985170174,7.486868552102979,163.19697567952423,0.650016079595432,-0.6413024961789873,GDX/GLD,2.0,0.25,60,0.5,-2.8416702164484167,0.05256358280867387
0.31608962085920134,0.5929187502498512,27.827459231983166,-10.18012909972726,19.282177017211446,163.19697567952423,0.650016079595432,-0.6413024961789873,GDX/GLD,2.5,0.05,40,0.0,-2.8416702164484167,0.05256358280867387
0.43932053760707857,0.8339799899117638,27.19621251972646,-10.142755150187703,26.300493311832103,163.19697567952423,0.650016079595432,-0.6413024961789873,GDX/GLD,2.5,0.05,40,0.5,-2.8416702164484167,0.05256358280867387
0.46124682605565315,0.8223633020941202,30.668069437138346,-6.832832598604016,30.79153077115481,163.19697567952423,0.650016079595432,-0.6413024961789873,GDX/GLD,2.5,0.05,50,0.0,-2.8416702164484167,0.05256358280867387
0.5332858561928859,0.9382857373286259,31.50973172014729,-6.576264162036276,35.70385517002356,163.19697567952423,0.650016079595432,-0.6413024961789873,GDX/GLD,2.5,0.05,50,0.5,-2.8416702164484167,0.05256358280867387
0.10772204674579547,0.2020347728373005,27.459231983166752,-8.575427043394964,5.8628489499993,163.19697567952423,0.650016079595432,-0.6413024961789873,GDX/GLD,2.5,0.05,60,0.0,-2.8416702164484167,0.05256358280867387
0.1728122139101799,0.3223015329443845,27.774855339295108,-8.575427043394964,9.307850988058577,163.19697567952423,0.650016079595432,-0.6413024961789873,GDX/GLD,2.5,0.05,60,0.5,-2.8416702164484167,0.05256358280867387
0.22842316406096064,0.5120820664096184,19.410836401893743,-9.579144133076225,10.859177570268418,163.19697567952423,0.650016079595432,-0.6413024961789873,GDX/GLD,2.5,0.25,40,0.0,-2.8416702164484167,0.05256358280867387
0.42357794137334254,0.9916406367936994,17.83271962125197,-7.573356722619215,19.414643047896885,163.19697567952423,0.650016079595432,-0.6413024961789873,GDX/GLD,2.5,0.25,40,0.5,-2.8416702164484167,0.05256358280867387
0.6260612142915949,1.3651377926484536,20.515518148342977,-5.700167643644928,37.53490651384409,163.19697567952423,0.650016079595432,-0.6413024961789873,GDX/GLD,2.5,0.25,50,0.0,-2.8416702164484167,0.05256358280867387
0.6646983533291941,1.4443639288694246,20.673329826407155,-5.700167643644928,39.78180326097604,163.19697567952423,0.650016079595432,-0.6413024961789873,GDX/GLD,2.5,0.25,50,0.5,-2.8416702164484167,0.05256358280867387
-0.0317659705806522,-0.06568828271694992,22.567069963177275,-9.98670112230777,-1.5097660995864735,163.19697567952423,0.650016079595432,-0.6413024961789873,GDX/GLD,2.5,0.25,60,0.0,-2.8416702164484167,0.05256358280867387
0.04517182153278391,0.09287346168179708,22.83008942661757,-9.98670112230777,2.1185379697262734,163.19697567952423,0.650016079595432,-0.6413024961789873,GDX/GLD,2.5,0.25,60,0.5,-2.8416702164484167,0.05256358280867387
0.11273419694623887,0.30357153072121473,13.413992635455024,-6.839163391165542,5.645706657505486,163.19697567952423,0.650016079595432,-0.6413024961789873,GDX/GLD,3.0,0.05,40,0.0,-2.8416702164484167,0.05256358280867387
0.11273419694623887,0.30357153072121473,13.413992635455024,-6.839163391165542,5.645706657505486,163.19697567952423,0.650016079595432,-0.6413024961789873,GDX/GLD,3.0,0.05,40,0.5,-2.8416702164484167,0.05256358280867387
0.30622510839282086,0.7885932672838233,14.623882167280378,-5.700167643644928,16.267723227739626,163.19697567952423,0.650016079595432,-0.6413024961789873,GDX/GLD,3.0,0.05,50,0.0,-2.8416702164484167,0.05256358280867387
0.30622510839282086,0.7885932672838233,14.623882167280378,-5.700167643644928,16.267723227739626,163.19697567952423,0.650016079595432,-0.6413024961789873,GDX/GLD,3.0,0.05,50,0.5,-2.8416702164484167,0.05256358280867387
-0.017878013182672077,-0.04741653568623989,13.67701209889532,-5.660731981792047,-0.8477957225282957,163.19697567952423,0.650016079595432,-0.6413024961789873,GDX/GLD,3.0,0.05,60,0.0,-2.8416702164484167,0.05256358280867387
0.08766265798279073,0.2303339338532602,13.940031562335614,-5.660731981792047,4.037351586009054,163.19697567952423,0.650016079595432,-0.6413024961789873,GDX/GLD,3.0,0.05,60,0.5,-2.8416702164484167,0.05256358280867387
0.20941138032248413,0.661485972026612,9.731720147290899,-6.996295134418909,9.726319590227396,163.19697567952423,0.650016079595432,-0.6413024961789873,GDX/GLD,3.0,0.25,40,0.0,-2.8416702164484167,0.05256358280867387
0.20941138032248413,0.661485972026612,9.731720147290899,-6.996295134418909,9.726319590227396,163.19697567952423,0.650016079595432,-0.6413024961789873,GDX/GLD,3.0,0.25,40,0.5,-2.8416702164484167,0.05256358280867387
0.20151065918332658,0.6416898559147342,9.521304576538665,-5.700167643644928,10.012930395931692,163.19697567952423,0.650016079595432,-0.6413024961789873,GDX/GLD,3.0,0.25,50,0.0,-2.8416702164484167,0.05256358280867387
0.20151065918332658,0.6416898559147342,9.521304576538665,-5.700167643644928,10.012930395931692,163.19697567952423,0.650016079595432,-0.6413024961789873,GDX/GLD,3.0,0.25,50,0.5,-2.8416702164484167,0.05256358280867387
0.03788958044352018,0.10702398264236597,12.046291425565492,-5.660731981792047,1.7846849252513264,163.19697567952423,0.650016079595432,-0.6413024961789873,GDX/GLD,3.0,0.25,60,0.0,-2.8416702164484167,0.05256358280867387
0.15090129349667883,0.42271995490941433,12.256706996317728,-5.660731981792047,6.904480221645277,163.19697567952423,0.650016079595432,-0.6413024961789873,GDX/GLD,3.0,0.25,60,0.5,-2.8416702164484167,0.05256358280867387
0.2516949839191336,0.3574377206826797,48.55339295107838,-98.73682778340297,4.639185234279906,120.31825814993921,0.6600036315744754,-0.47960969640595974,MTUM/SPLV,2.0,0.05,40,0.0,-1.6837094965672184,0.43952477396840517
0.2516949839191336,0.3574377206826797,48.55339295107838,-98.73682778340297,4.639185234279906,120.31825814993921,0.6600036315744754,-0.47960969640595974,MTUM/SPLV,2.0,0.05,40,0.5,-1.6837094965672184,0.43952477396840517
0.2831350146019147,0.40678648216639457,47.18569174118885,-110.41069394525506,3.836768071826314,120.31825814993921,0.6600036315744754,-0.47960969640595974,MTUM/SPLV,2.0,0.05,50,0.0,-1.6837094965672184,0.43952477396840517
0.2526429856436617,0.3658297375702381,46.44923724355603,-110.41069394525506,3.433793208489744,120.31825814993921,0.6600036315744754,-0.47960969640595974,MTUM/SPLV,2.0,0.05,50,0.5,-1.6837094965672184,0.43952477396840517
0.6564707204336997,0.8289567097662353,60.81009994739611,-31.419166560896755,12.962795132105079,120.31825814993921,0.6600036315744754,-0.47960969640595974,MTUM/SPLV,2.0,0.05,60,0.0,-1.6837094965672184,0.43952477396840517
0.6592171891973577,0.833150744667236,60.70489216201999,-31.78912398537565,13.019110237732505,120.31825814993921,0.6600036315744754,-0.47960969640595974,MTUM/SPLV,2.0,0.05,60,0.5,-1.6837094965672184,0.43952477396840517
0.06012943902320449,0.10179870997180568,34.13992635455024,-81.70061287522304,0.8885496535832438,120.31825814993921,0.6600036315744754,-0.47960969640595974,MTUM/SPLV,2.0,0.25,40,0.0,-1.6837094965672184,0.43952477396840517
0.06974946523352032,0.11863473522133287,33.824302998421885,-81.70061287522304,1.0282843640569028,120.31825814993921,0.6600036315744754,-0.47960969640595974,MTUM/SPLV,2.0,0.25,40,0.5,-1.6837094965672184,0.43952477396840517
-0.027446423753889154,-0.04550868089492577,35.40241977906365,-113.51526280633124,-0.3422747378438861,120.31825814993921,0.6600036315744754,-0.47960969640595974,MTUM/SPLV,2.0,0.25,50,0.0,-1.6837094965672184,0.43952477396840517
-0.03096750775592326,-0.05146165427329163,35.24460810099947,-113.51526280633124,-0.3866032955234765,120.31825814993921,0.6600036315744754,-0.47960969640595974,MTUM/SPLV,2.0,0.25,50,0.5,-1.6837094965672184,0.43952477396840517
0.5089999339085444,0.7716354964780205,42.188321935823254,-31.053497320148963,10.691840030886663,120.31825814993921,0.6600036315744754,-0.47960969640595974,MTUM/SPLV,2.0,0.25,60,0.0,-1.6837094965672184,0.43952477396840517
0.5123625839278384,0.7781986175599457,42.030510257759076,-31.15694968825626,10.76316634900548,120.31825814993921,0.6600036315744754,-0.47960969640595974,MTUM/SPLV,2.0,0.25,60,0.5,-1.6837094965672184,0.43952477396840517
0.2122158703079851,0.35687177294996786,34.560757496054705,-91.60689901162783,4.406979566741255,120.31825814993921,0.6600036315744754,-0.47960969640595974,MTUM/SPLV,2.5,0.05,40,0.0,-1.6837094965672184,0.43952477396840517
0.2122158703079851,0.35687177294996786,34.560757496054705,-91.60689901162783,4.406979566741255,120.31825814993921,0.6600036315744754,-0.47960969640595974,MTUM/SPLV,2.5,0.05,40,0.5,-1.6837094965672184,0.43952477396840517
-0.08344157831403906,-0.15859024985276848,26.880589163598106,-117.28049880372257,-1.3732795502720272,120.31825814993921,0.6600036315744754,-0.47960969640595974,MTUM/SPLV,2.5,0.05,50,0.0,-1.6837094965672184,0.43952477396840517
-0.12315688162977657,-0.23734542561274766,26.14413466596528,-125.43176280863312,-2.0370185630968605,120.31825814993921,0.6600036315744754,-0.47960969640595974,MTUM/SPLV,2.5,0.05,50,0.5,-1.6837094965672184,0.43952477396840517
-0.2566085964309519,-0.42474158755300795,35.29721199368753,-116.42087987936154,-4.451901148000835,120.31825814993921,0.6600036315744754,-0.47960969640595974,MTUM/SPLV,2.5,0.05,60,0.0,-1.6837094965672184,0.43952477396840517
-0.2566085964309519,-0.42474158755300795,35.29721199368753,-116.42087987936154,-4.451901148000835,120.31825814993921,0.6600036315744754,-0.47960969640595974,MTUM/SPLV,2.5,0.05,60,0.5,-1.6837094965672184,0.43952477396840517
0.08413474051339351,0.17848503924281775,21.672803787480273,-68.7495574366226,1.4443666588421193,120.31825814993921,0.6600036315744754,-0.47960969640595974,MTUM/SPLV,2.5,0.25,40,0.0,-1.6837094965672184,0.43952477396840517
0.08413474051339351,0.17848503924281775,21.672803787480273,-68.7495574366226,1.4443666588421193,120.31825814993921,0.6600036315744754,-0.47960969640595974,MTUM/SPLV,2.5,0.25,40,0.5,-1.6837094965672184,0.43952477396840517
-0.1448750730157589,-0.31423106265942685,20.620725933719093,-132.65674509463452,-2.3979569495216913,120.31825814993921,0.6600036315744754,-0.47960969640595974,MTUM/SPLV,2.5,0.25,50,0.0,-1.6837094965672184,0.43952477396840517
-0.1514389745323481,-0.3288905537966655,20.568122041031035,-134.4604008519746,-2.5107985904522696,120.31825814993921,0.6600036315744754,-0.47960969640595974,MTUM/SPLV,2.5,0.25,50,0.5,-1.6837094965672184,0.43952477396840517
-0.07046063960810062,-0.1288673360219188,28.879537085744346,-124.0108228782134,-1.3866792743377343,120.31825814993921,0.6600036315744754,-0.47960969640595974,MTUM/SPLV,2.5,0.25,60,0.0,-1.6837094965672184,0.43952477396840517
-0.07046063960810062,-0.1288673360219188,28.879537085744346,-124.0108228782134,-1.3866792743377343,120.31825814993921,0.6600036315744754,-0.47960969640595974,MTUM/SPLV,2.5,0.25,60,0.5,-1.6837094965672184,0.43952477396840517
-0.35553899427535807,-1.0535350278788902,11.09942135718043,-71.28947221388282,-4.7034803404203585,120.31825814993921,0.6600036315744754,-0.47960969640595974,MTUM/SPLV,3.0,0.05,40,0.0,-1.6837094965672184,0.43952477396840517
-0.35553899427535807,-1.0535350278788902,11.09942135718043,-71.28947221388282,-4.7034803404203585,120.31825814993921,0.6600036315744754,-0.47960969640595974,MTUM/SPLV,3.0,0.05,40,0.5,-1.6837094965672184,0.43952477396840517
-0.26642218495772196,-0.9255910625948659,7.995791688584955,-99.36204867124118,-4.207467279701495,120.31825814993921,0.6600036315744754,-0.47960969640595974,MTUM/SPLV,3.0,0.05,50,0.0,-1.6837094965672184,0.43952477396840517
-0.26642218495772196,-0.9255910625948659,7.995791688584955,-99.36204867124118,-4.207467279701495,120.31825814993921,0.6600036315744754,-0.47960969640595974,MTUM/SPLV,3.0,0.05,50,0.5,-1.6837094965672184,0.43952477396840517
-0.6035418514950942,-1.451156884093649,16.780641767490796,-128.41058025490437,-9.34266364717298,120.31825814993921,0.6600036315744754,-0.47960969640595974,MTUM/SPLV,3.0,0.05,60,0.0,-1.6837094965672184,0.43952477396840517
-0.6035418514950942,-1.451156884093649,16.780641767490796,-128.41058025490437,-9.34266364717298,120.31825814993921,0.6600036315744754,-0.47960969640595974,MTUM/SPLV,3.0,0.05,60,0.5,-1.6837094965672184,0.43952477396840517
-0.30715883515936965,-1.030969184047408,8.627038400841663,-71.00334466353704,-3.9827666099974186,120.31825814993921,0.6600036315744754,-0.47960969640595974,MTUM/SPLV,3.0,0.25,40,0.0,-1.6837094965672184,0.43952477396840517
-0.30715883515936965,-1.030969184047408,8.627038400841663,-71.00334466353704,-3.9827666099974186,120.31825814993921,0.6600036315744754,-0.47960969640595974,MTUM/SPLV,3.0,0.25,40,0.5,-1.6837094965672184,0.43952477396840517
-0.2921660222334772,-1.0651262490961393,7.259337190952131,-99.36204867124118,-4.52723279280466,120.31825814993921,0.6600036315744754,-0.47960969640595974,MTUM/SPLV,3.0,0.25,50,0.0,-1.6837094965672184,0.43952477396840517
-0.2921660222334772,-1.0651262490961393,7.259337190952131,-99.36204867124118,-4.52723279280466,120.31825814993921,0.6600036315744754,-0.47960969640595974,MTUM/SPLV,3.0,0.25,50,0.5,-1.6837094965672184,0.43952477396840517
-0.5656756090669696,-1.4564629534738427,14.623882167280378,-120.73438464437682,-8.784172956322562,120.31825814993921,0.6600036315744754,-0.47960969640595974,MTUM/SPLV,3.0,0.25,60,0.0,-1.6837094965672184,0.43952477396840517
-0.5656756090669696,-1.4564629534738427,14.623882167280378,-120.73438464437682,-8.784172956322562,120.31825814993921,0.6600036315744754,-0.47960969640595974,MTUM/SPLV,3.0,0.25,60,0.5,-1.6837094965672184,0.43952477396840517
-0.17575171834136907,-0.2373025203365606,53.70857443450815,-72.88514744657381,-1.6805128238908316,7.600405043303993,0.1489725447506402,-0.6393184735604529,USO/IEF,2.0,0.05,40,0.0,-2.1616083380380373,0.22047318750084394
-0.18706292705425745,-0.25740881822369865,51.709626512361915,-71.2422830770316,-1.7845063284900127,7.600405043303993,0.1489725447506402,-0.6393184735604529,USO/IEF,2.0,0.05,40,0.5,-2.1616083380380373,0.22047318750084394
0.24335112345826485,0.3201205255269662,56.23356128353498,-28.420920763273173,4.615206107193956,7.600405043303993,0.1489725447506402,-0.6393184735604529,USO/IEF,2.0,0.05,50,0.0,-2.1616083380380373,0.22047318750084394
0.29019028016138926,0.38354559831914103,55.707522356654394,-25.029335552798898,5.277815935965669,7.600405043303993,0.1489725447506402,-0.6393184735604529,USO/IEF,2.0,0.05,50,0.5,-2.1616083380380373,0.22047318750084394
-0.19287032371025672,-0.26055158520276156,53.07732772225145,-35.97077464762869,-2.8938951463801925,7.600405043303993,0.1489725447506402,-0.6393184735604529,USO/IEF,2.0,0.05,60,0.0,-2.1616083380380373,0.22047318750084394
-0.17881075134521954,-0.24191584734576949,52.91951604418726,-35.97077464762869,-2.6885642053042167,7.600405043303993,0.1489725447506402,-0.6393184735604529,USO/IEF,2.0,0.05,60,0.5,-2.1616083380380373,0.22047318750084394
-0.19866566566814634,-0.3204992111527231,37.55917937927406,-54.204998219517826,-1.6171192742380434,7.600405043303993,0.1489725447506402,-0.6393184735604529,USO/IEF,2.0,0.25,40,0.0,-2.1616083380380373,0.22047318750084394
-0.18878307302538164,-0.30889869400014763,36.50710152551289,-52.922648193421,-1.54598395234436,7.600405043303993,0.1489725447506402,-0.6393184735604529,USO/IEF,2.0,0.25,40,0.5,-2.1616083380380373,0.22047318750084394
-0.04329578561614946,-0.07413570813030958,33.14045239347712,-49.42560534672373,-0.37233336357048913,7.600405043303993,0.1489725447506402,-0.6393184735604529,USO/IEF,2.0,0.25,50,0.0,-2.1616083380380373,0.22047318750084394
-0.011845465089613757,-0.020445341758154753,32.614413466596524,-47.00663826523523,-0.1027343709947824,7.600405043303993,0.1489725447506402,-0.6393184735604529,USO/IEF,2.0,0.25,50,0.5,-2.1616083380380373,0.22047318750084394
0.027251901917832878,0.04516467870223612,35.19200420831142,-43.439349827043586,0.35359110373062885,7.600405043303993,0.1489725447506402,-0.6393184735604529,USO/IEF,2.0,0.25,60,0.0,-2.1616083380380373,0.22047318750084394
0.03984887356321159,0.06619001407514342,35.03419253024724,-43.439349827043586,0.5179592848754017,7.600405043303993,0.1489725447506402,-0.6393184735604529,USO/IEF,2.0,0.25,60,0.5,-2.1616083380380373,0.22047318750084394
-0.2248937806620915,-0.3793528370364122,34.402945817990535,-60.847445516114206,-1.963102598689764,7.600405043303993,0.1489725447506402,-0.6393184735604529,USO/IEF,2.5,0.05,40,0.0,-2.1616083380380373,0.22047318750084394
-0.24991603889706518,-0.43055271900936914,32.98264071541294,-64.59298507202385,-2.1702864433950246,7.600405043303993,0.1489725447506402,-0.6393184735604529,USO/IEF,2.5,0.05,40,0.5,-2.1616083380380373,0.22047318750084394
0.1249101678903672,0.20455906985359454,36.24408206207259,-33.63952438250327,3.059218339308795,7.600405043303993,0.1489725447506402,-0.6393184735604529,USO/IEF,2.5,0.05,50,0.0,-2.1616083380380373,0.22047318750084394
0.1249101678903672,0.20455906985359454,36.24408206207259,-33.63952438250327,3.059218339308795,7.600405043303993,0.1489725447506402,-0.6393184735604529,USO/IEF,2.5,0.05,50,0.5,-2.1616083380380373,0.22047318750084394
-0.28256253249528285,-0.4861471904857788,32.71962125197265,-45.95575493491139,-4.324609012328947,7.600405043303993,0.1489725447506402,-0.6393184735604529,USO/IEF,2.5,0.05,60,0.0,-2.1616083380380373,0.22047318750084394
-0.28256253249528285,-0.4861471904857788,32.71962125197265,-45.95575493491139,-4.324609012328947,7.600405043303993,0.1489725447506402,-0.6393184735604529,USO/IEF,2.5,0.05,60,0.5,-2.1616083380380373,0.22047318750084394
-0.06941512337398187,-0.14283893100205838,23.04050499736981,-38.754875187348084,-0.5177850988493702,7.600405043303993,0.1489725447506402,-0.6393184735604529,USO/IEF,2.5,0.25,40,0.0,-2.1616083380380373,0.22047318750084394
-0.07802609495629746,-0.1622273347671537,22.567069963177275,-38.754875187348084,-0.5818563179281466,7.600405043303993,0.1489725447506402,-0.6393184735604529,USO/IEF,2.5,0.25,40,0.5,-2.1616083380380373,0.22047318750084394
0.24500564728367366,0.5302197074071163,20.725933719095213,-17.65110487347709,3.7420652410351596,7.600405043303993,0.1489725447506402,-0.6393184735604529,USO/IEF,2.5,0.25,50,0.0,-2.1616083380380373,0.22047318750084394
0.24500564728367366,0.5302197074071163,20.725933719095213,-17.65110487347709,3.7420652410351596,7.600405043303993,0.1489725447506402,-0.6393184735604529,USO/IEF,2.5,0.25,50,0.5,-2.1616083380380373,0.22047318750084394
0.03610809334376522,0.07211882559995147,24.1977906365071,-19.417737585708835,0.4774136691783441,7.600405043303993,0.1489725447506402,-0.6393184735604529,USO/IEF,2.5,0.25,60,0.0,-2.1616083380380373,0.22047318750084394
0.03610809334376522,0.07211882559995147,24.1977906365071,-19.417737585708835,0.4774136691783441,7.600405043303993,0.1489725447506402,-0.6393184735604529,USO/IEF,2.5,0.25,60,0.5,-2.1616083380380373,0.22047318750084394
-0.09816126566352572,-0.21239015594708877,20.88374539715939,-23.035419094010408,-2.4413106558984157,7.600405043303993,0.1489725447506402,-0.6393184735604529,USO/IEF,3.0,0.05,40,0.0,-2.1616083380380373,0.22047318750084394
-0.09816126566352572,-0.21239015594708877,20.88374539715939,-23.035419094010408,-2.4413106558984157,7.600405043303993,0.1489725447506402,-0.6393184735604529,USO/IEF,3.0,0.05,40,0.5,-2.1616083380380373,0.22047318750084394
-0.07805616252810087,-0.1582238662460216,23.619147816938455,-36.204698641422176,-1.320085208307852,7.600405043303993,0.1489725447506402,-0.6393184735604529,USO/IEF,3.0,0.05,50,0.0,-2.1616083380380373,0.22047318750084394
-0.07805616252810087,-0.1582238662460216,23.619147816938455,-36.204698641422176,-1.320085208307852,7.600405043303993,0.1489725447506402,-0.6393184735604529,USO/IEF,3.0,0.05,50,0.5,-2.1616083380380373,0.22047318750084394
-0.0339729374843512,-0.07229376268721588,21.357180431351917,-32.05391076217697,-0.4920408002183761,7.600405043303993,0.1489725447506402,-0.6393184735604529,USO/IEF,3.0,0.05,60,0.0,-2.1616083380380373,0.22047318750084394
-0.0339729374843512,-0.07229376268721588,21.357180431351917,-32.05391076217697,-0.4920408002183761,7.600405043303993,0.1489725447506402,-0.6393184735604529,USO/IEF,3.0,0.05,60,0.5,-2.1616083380380373,0.22047318750084394
0.05617816258372175,0.15784576209874082,12.309310889005786,-24.35966928895708,1.3809079490975544,7.600405043303993,0.1489725447506402,-0.6393184735604529,USO/IEF,3.0,0.25,40,0.0,-2.1616083380380373,0.22047318750084394
0.05617816258372175,0.15784576209874082,12.309310889005786,-24.35966928895708,1.3809079490975544,7.600405043303993,0.1489725447506402,-0.6393184735604529,USO/IEF,3.0,0.25,40,0.5,-2.1616083380380373,0.22047318750084394
0.40822016778265724,1.0775361899930538,13.940031562335614,-17.65110487347709,5.482216669898362,7.600405043303993,0.1489725447506402,-0.6393184735604529,USO/IEF,3.0,0.25,50,0.0,-2.1616083380380373,0.22047318750084394
0.40822016778265724,1.0775361899930538,13.940031562335614,-17.65110487347709,5.482216669898362,7.600405043303993,0.1489725447506402,-0.6393184735604529,USO/IEF,3.0,0.25,50,0.5,-2.1616083380380373,0.22047318750084394
0.3854473200687953,0.9800381574833771,14.939505523408734,-17.387679749526693,4.199231565135202,7.600405043303993,0.1489725447506402,-0.6393184735604529,USO/IEF,3.0,0.25,60,0.0,-2.1616083380380373,0.22047318750084394
0.3854473200687953,0.9800381574833771,14.939505523408734,-17.387679749526693,4.199231565135202,7.600405043303993,0.1489725447506402,-0.6393184735604529,USO/IEF,3.0,0.25,60,0.5,-2.1616083380380373,0.22047318750084394
